product_id;Product Type:;Producer:;Collections:;Age Group:;Ground type:;Class:;Upper:;Type of binding:;Boots with sock:;Collection:;Color:;Plays in these boots:;Manufacturer's Data:;Team:
1;Football boots;adidas;adidas F50;Men;Firm Ground (FG);Professional;Synthetic;Lack;No;adidas Pure Victory;White;Lionel Messi;adidas AG, Adi-Dassler-Strasse 1, 91074 Herzogenaurach, DE;
2;Football boots;Nike;Nike Mercurial Vapor;Men;Firm Ground (FG);Professional;Synthetic;Shoelace;No;Nike Mad Ambition Pack;sky blue;Robert Lewandowski;NIKE Retail B.V., PO BOX 6453, Colosseum 1, 1213 0, NL;
3;Football boots;Nike;Nike Mercurial Vapor;Men;Firm Ground (FG);Professional;Synthetic;Shoelace;No;Nike Shadow Pack 2024;Black;Robert Lewandowski;NIKE Retail B.V., PO BOX 6453, Colosseum 1, 1213 0, NL;
4;Football boots;adidas;adidas Classic;Men;Artificial Grass (AG/TF);Professional;Leather;Shoelace;No;adidas Classic;Black;;adidas AG, Adi-Dassler-Strasse 1, 91074 Herzogenaurach, DE;
5;Football boots;Nike;Nike Mercurial Vapor;Men;Firm Ground (FG);Professional;Synthetic;Shoelace;No;Nike Mad Energy Pack;Red;Robert Lewandowski;NIKE Retail B.V., PO BOX 6453, Colosseum 1, 1213 0, NL;
6;Football boots;Nike;Nike Phantom Luna;Men, Women;Firm Ground (FG);Professional;Synthetic;Shoelace;Yes;Nike Shadow Pack 2024;Black;;NIKE Retail B.V., PO BOX 6453, Colosseum 1, 1213 0, NL;
7;Football boots;Nike;Nike Phantom GX;Men;Firm Ground (FG);Professional;Synthetic;Shoelace;No;Nike Mad Voltage Pack;Gray, Lime;;NIKE Retail B.V., PO BOX 6453, Colosseum 1, 1213 0, NL;
8;Football boots;adidas;adidas Predator;Men;Firm Ground (FG);Professional;Synthetic;Lack;No;adidas Stealth Victory;Black;Jude Bellingham;adidas AG, Adi-Dassler-Strasse 1, 91074 Herzogenaurach, DE;
9;Football boots;adidas;adidas Predator;Men;Soft Ground (SG/SG-PRO);Professional;Synthetic;Lack;No;adidas Stealth Victory;Black;Jude Bellingham;adidas AG, Adi-Dassler-Strasse 1, 91074 Herzogenaurach, DE;
10;Football boots;adidas;adidas Predator;Men;Firm Ground (FG);Professional;Synthetic;Shoelace;No;adidas Stealth Victory;Black;Jude Bellingham;adidas AG, Adi-Dassler-Strasse 1, 91074 Herzogenaurach, DE;
11;Football boots;adidas;adidas Predator;Men;Soft Ground (SG/SG-PRO);Professional;Synthetic;Shoelace;No;adidas Stealth Victory;Black;Jude Bellingham;adidas AG, Adi-Dassler-Strasse 1, 91074 Herzogenaurach, DE;
12;Football boots;adidas;adidas F50;Men;Firm Ground (FG);Professional;Synthetic;Lack;No;adidas Stealth Victory;Black;Lionel Messi;adidas AG, Adi-Dassler-Strasse 1, 91074 Herzogenaurach, DE;
13;Football boots;adidas;adidas F50;Men;Firm Ground (FG);Professional;Synthetic;Shoelace;No;adidas Stealth Victory;Black;Lionel Messi;adidas AG, Adi-Dassler-Strasse 1, 91074 Herzogenaurach, DE;
14;Football boots;adidas;adidas Copa;Men;Firm Ground (FG);Professional;Leather;Lack;No;adidas Stealth Victory;Black;Paulo Dybala;adidas AG, Adi-Dassler-Strasse 1, 91074 Herzogenaurach, DE;
15;Football boots;adidas;adidas Copa;Men;Firm Ground (FG);Professional;Leather;Shoelace;No;adidas Stealth Victory;Black;Paulo Dybala;adidas AG, Adi-Dassler-Strasse 1, 91074 Herzogenaurach, DE;
16;Football boots;Nike;Nike Phantom GX;Men;Firm Ground (FG);Professional;Synthetic;Shoelace;No;Nike Phantom GX Erling Haaland ‘There Will Be Goals';Navy blue;;NIKE Retail B.V., PO BOX 6453, Colosseum 1, 1213 0, NL;
17;Football boots;adidas;adidas Predator;Men;Firm Ground (FG);Professional;Synthetic;Shoelace;No;adidas Pure Victory;Red;Jude Bellingham;adidas AG, Adi-Dassler-Strasse 1, 91074 Herzogenaurach, DE;
18;Football boots;adidas;adidas Predator;Men;Soft Ground (SG/SG-PRO);Professional;Synthetic;Shoelace;No;adidas Pure Victory;Red;Jude Bellingham;adidas AG, Adi-Dassler-Strasse 1, 91074 Herzogenaurach, DE;
19;Football boots;adidas;adidas Predator;Men;Artificial Grass (AG/TF);Professional;Synthetic;Shoelace;No;adidas Pure Victory;Red;Jude Bellingham;adidas AG, Adi-Dassler-Strasse 1, 91074 Herzogenaurach, DE;
20;Football boots;adidas;adidas Predator;Men;Firm Ground (FG);Professional;Synthetic;Lack;No;adidas Pure Victory;Red;Jude Bellingham;adidas AG, Adi-Dassler-Strasse 1, 91074 Herzogenaurach, DE;
21;Football boots;adidas;adidas Predator;Men;Soft Ground (SG/SG-PRO);Professional;Synthetic;Lack;No;adidas Pure Victory;Red;Jude Bellingham;adidas AG, Adi-Dassler-Strasse 1, 91074 Herzogenaurach, DE;
22;Football boots;adidas;adidas Predator;Men;Firm Ground (FG);Professional;Synthetic;Shoelace;No;adidas Pure Victory;Red;Jude Bellingham;adidas AG, Adi-Dassler-Strasse 1, 91074 Herzogenaurach, DE;
23;Football boots;adidas;adidas Predator;Men;Soft Ground (SG/SG-PRO);Professional;Synthetic;Shoelace;No;adidas Pure Victory;Red;Jude Bellingham;adidas AG, Adi-Dassler-Strasse 1, 91074 Herzogenaurach, DE;
24;Football boots;adidas;adidas Predator;Men;Artificial Grass (AG/TF);Professional;Synthetic;Shoelace;No;adidas Pure Victory;Red;Jude Bellingham;adidas AG, Adi-Dassler-Strasse 1, 91074 Herzogenaurach, DE;
25;Football boots;adidas;adidas F50;Men;Firm Ground (FG);Professional;Synthetic;Lack;No;adidas Pure Victory;White;Lionel Messi;adidas AG, Adi-Dassler-Strasse 1, 91074 Herzogenaurach, DE;
26;Football boots;adidas;adidas F50;Men;Soft Ground (SG/SG-PRO);Professional;Synthetic;Lack;No;adidas Pure Victory;White;;adidas AG, Adi-Dassler-Strasse 1, 91074 Herzogenaurach, DE;
27;Football boots;adidas;adidas F50;Men;Artificial Grass (AG/TF);Professional;Synthetic;Lack;No;adidas Pure Victory;White;Lionel Messi;adidas AG, Adi-Dassler-Strasse 1, 91074 Herzogenaurach, DE;
28;Football boots;adidas;adidas F50;Men;Firm Ground (FG);Professional;Synthetic;Shoelace;No;adidas Pure Victory;White;Lionel Messi;adidas AG, Adi-Dassler-Strasse 1, 91074 Herzogenaurach, DE;
29;Football boots;adidas;adidas F50;Men;Soft Ground (SG/SG-PRO);Professional;Synthetic;Shoelace;No;adidas Pure Victory;White;;adidas AG, Adi-Dassler-Strasse 1, 91074 Herzogenaurach, DE;
30;Football boots;adidas;adidas F50;Men;Artificial Grass (AG/TF);Professional;Synthetic;Shoelace;No;adidas Pure Victory;White;Lionel Messi;adidas AG, Adi-Dassler-Strasse 1, 91074 Herzogenaurach, DE;
31;Football boots;adidas;adidas Copa;Men;Soft Ground (SG/SG-PRO);Professional;Leather;Lack;No;adidas Pure Victory;White;Paulo Dybala;adidas AG, Adi-Dassler-Strasse 1, 91074 Herzogenaurach, DE;
32;Football boots;adidas;adidas Copa;Men;Firm Ground (FG);Professional;Leather;Shoelace;No;adidas Pure Victory;White;Paulo Dybala;adidas AG, Adi-Dassler-Strasse 1, 91074 Herzogenaurach, DE;
33;Football boots;adidas;adidas Copa;Men;Soft Ground (SG/SG-PRO);Professional;Leather;Shoelace;No;adidas Pure Victory;White;Paulo Dybala;adidas AG, Adi-Dassler-Strasse 1, 91074 Herzogenaurach, DE;
34;Football boots;adidas;adidas Copa;Men;Artificial Grass (AG/TF);Professional;Leather;Shoelace;No;adidas Pure Victory;White;Paulo Dybala;adidas AG, Adi-Dassler-Strasse 1, 91074 Herzogenaurach, DE;
35;Football boots;adidas;adidas Copa;Men;Firm Ground (FG);Professional;Leather;Shoelace;No;;White;;adidas AG, Adi-Dassler-Strasse 1, 91074 Herzogenaurach, DE;
36;Football boots;Nike;Nike Mercurial Vapor;Men;Soft Ground (SG/SG-PRO);Professional;Synthetic;Shoelace;No;Nike Mad Energy Pack;Red;;NIKE Retail B.V., PO BOX 6453, Colosseum 1, 1213 0, NL;
37;Football boots;Nike;Nike Mercurial Vapor;Men;Artificial Grass (AG/TF);Professional;Synthetic;Shoelace;No;Nike Mad Energy Pack;Red;Robert Lewandowski;NIKE Retail B.V., PO BOX 6453, Colosseum 1, 1213 0, NL;
38;Football boots;Nike;Nike Mercurial Superfly;Men;Soft Ground (SG/SG-PRO);Professional;Synthetic;Shoelace;Yes;Nike Mad Energy Pack;Red;Cristiano Ronaldo, Kylian Mbappé;NIKE Retail B.V., PO BOX 6453, Colosseum 1, 1213 0, NL;
39;Football boots;Nike;Nike Mercurial Superfly;Men;Firm Ground (FG);Professional;Synthetic;Shoelace;Yes;Nike Mad Energy Pack;Red;Cristiano Ronaldo, Kylian Mbappé;NIKE Retail B.V., PO BOX 6453, Colosseum 1, 1213 0, NL;
40;Football boots;Nike;Nike Mercurial Superfly;Men;Artificial Grass (AG/TF);Professional;Synthetic;Shoelace;Yes;Nike Mad Energy Pack;Red;Cristiano Ronaldo, Kylian Mbappé;NIKE Retail B.V., PO BOX 6453, Colosseum 1, 1213 0, NL;
41;Football boots;Nike;Nike Phantom Luna;Men, Women;Soft Ground (SG/SG-PRO);Professional;Synthetic;Shoelace;Yes;Nike Mad Energy Pack;sky blue;;NIKE Retail B.V., PO BOX 6453, Colosseum 1, 1213 0, NL;
42;Football boots;Nike;Nike Phantom GX;Men;Soft Ground (SG/SG-PRO);Professional;Synthetic;Shoelace;No;Nike Mad Energy Pack;sky blue;;NIKE Retail B.V., PO BOX 6453, Colosseum 1, 1213 0, NL;
43;Football boots;Nike;Nike Phantom GX;Men;Soft Ground (SG/SG-PRO);Professional;Synthetic;Shoelace;No;Nike Mad Energy Pack;sky blue;;NIKE Retail B.V., PO BOX 6453, Colosseum 1, 1213 0, NL;
44;Football boots;Nike;Nike Phantom GX;Men;Firm Ground (FG);Professional;Synthetic;Shoelace;No;Nike Mad Energy Pack;sky blue;;NIKE Retail B.V., PO BOX 6453, Colosseum 1, 1213 0, NL;
45;Football boots;Nike;Nike Phantom GX;Men;Artificial Grass (AG/TF);Professional;Synthetic;Shoelace;No;Nike Mad Energy Pack;sky blue;;NIKE Retail B.V., PO BOX 6453, Colosseum 1, 1213 0, NL;
46;Football boots;Nike;Nike Tiempo;Men;Soft Ground (SG/SG-PRO);Professional;Leather;Shoelace;No;Nike Mad Energy Pack;Pink;;NIKE Retail B.V., PO BOX 6453, Colosseum 1, 1213 0, NL;
47;Football boots;Nike;Nike Tiempo;Men;Soft Ground (SG/SG-PRO);Professional;Leather;Shoelace;No;Nike Mad Energy Pack;Pink;;NIKE Retail B.V., PO BOX 6453, Colosseum 1, 1213 0, NL;
48;Football boots;Nike;Nike Tiempo;Men;Firm Ground (FG);Professional;Leather;Shoelace;No;Nike Mad Energy Pack;Pink;;NIKE Retail B.V., PO BOX 6453, Colosseum 1, 1213 0, NL;
49;Football boots;Nike;Nike Tiempo;Men;Artificial Grass (AG/TF);Professional;Leather;Shoelace;No;Nike Mad Energy Pack;Pink;;NIKE Retail B.V., PO BOX 6453, Colosseum 1, 1213 0, NL;
50;Football boots;Nike;;Men;Indoor (IC/IN);Professional;Leather;Shoelace;No;Nike Small Sided;Gray;;NIKE Retail B.V., PO BOX 6453, Colosseum 1, 1213 0, NL;
51;Football boots;Puma;Puma Future;Men;Firm Ground (FG);Professional;Synthetic;Shoelace;Yes;Puma Unlimited;Multicolor;Neymar Jr;Puma SE, Puma Way 1, 91074 Herzogenaurach, DE;
52;Football boots;Puma;Puma Future;Men;Firm Ground (FG);Professional;Synthetic;Shoelace;Yes;Puma Unlimited;Multicolor;Neymar Jr;Puma SE, Puma Way 1, 91074 Herzogenaurach, DE;
53;Football boots;Puma;Puma Future;Men;Soft Ground (SG/SG-PRO);Professional;Synthetic;Shoelace;Yes;Puma Unlimited;Multicolor;Neymar Jr;Puma SE, Puma Way 1, 91074 Herzogenaurach, DE;
54;Football boots;Puma;Puma Future;Men;Artificial Grass (AG/TF);Professional;Synthetic;Shoelace;Yes;Puma Unlimited;Multicolor;Neymar Jr;Puma SE, Puma Way 1, 91074 Herzogenaurach, DE;
55;Football boots;Puma;Puma Ultra;Men;Firm Ground (FG), Artificial Grass (AG/TF);Professional;Synthetic;Shoelace;No;Puma Unlimited;White;;Puma SE, Puma Way 1, 91074 Herzogenaurach, DE;
56;Football boots;Puma;Puma Ultra;Men;Soft Ground (SG/SG-PRO);Professional;Synthetic;Shoelace;No;Puma Unlimited;White;;Puma SE, Puma Way 1, 91074 Herzogenaurach, DE;
57;Football boots;Puma;Puma King;Men;Firm Ground (FG), Artificial Grass (AG/TF);Professional;Synthetic;Shoelace;No;Puma Unlimited;Red;;Puma SE, Puma Way 1, 91074 Herzogenaurach, DE;
58;Football boots;Puma;Puma King;Men;Soft Ground (SG/SG-PRO);Professional;Synthetic;Shoelace;No;Puma Unlimited;Red;;Puma SE, Puma Way 1, 91074 Herzogenaurach, DE;
59;Football boots;New Balance;New Balance Tekela;Men;Firm Ground (FG);Professional;Synthetic;Shoelace;No;New Balance The Flash Point Pack;Black, Orange;;New Balance Athletics, Inc., Brighton Landing, 100 Guest Street, Boston, MA 02135-2088, US;
60;Football boots;New Balance;New Balance Tekela;Men;Soft Ground (SG/SG-PRO);Professional;Synthetic;Shoelace;No;New Balance The Flash Point Pack;Black, Orange;;New Balance Athletics, Inc., Brighton Landing, 100 Guest Street, Boston, MA 02135-2088, US;
61;Football boots;New Balance;New Balance Furon;Men;Firm Ground (FG);Professional;Synthetic;;No;New Balance The Flash Point Pack;White;Raheem Sterling;New Balance Athletics, Inc., Brighton Landing, 100 Guest Street, Boston, MA 02135-2088, US;
62;Football boots;New Balance;New Balance 442;Men;Firm Ground (FG);Professional;Synthetic;Shoelace;No;New Balance The Flash Point Pack;White;;New Balance Athletics, Inc., Brighton Landing, 100 Guest Street, Boston, MA 02135-2088, US;
63;Football boots;New Balance;New Balance Furon;Men;Firm Ground (FG);Professional;Synthetic;;No;New Balance First Edition;Lime;Raheem Sterling;New Balance Athletics, Inc., Brighton Landing, 100 Guest Street, Boston, MA 02135-2088, US;
64;Football boots;New Balance;New Balance 442;Men;Firm Ground (FG);Professional;Synthetic;Shoelace;No;New Balance First Edition;Lime;;New Balance Athletics, Inc., Brighton Landing, 100 Guest Street, Boston, MA 02135-2088, US;
65;Football boots;adidas;adidas Copa;Men;Firm Ground (FG);Professional;Leather;Shoelace;No;adidas Copa Luxe Control;White;Paulo Dybala;adidas AG, Adi-Dassler-Strasse 1, 91074 Herzogenaurach, DE;
66;Football boots;adidas;adidas Copa;Men;Firm Ground (FG);Professional;Leather;Shoelace;No;;Black;;adidas AG, Adi-Dassler-Strasse 1, 91074 Herzogenaurach, DE;
67;Football boots;adidas;adidas Predator;Men;Firm Ground (FG);Professional;Synthetic;Shoelace;No;adidas Predator 2025;White;Jude Bellingham;adidas AG, Adi-Dassler-Strasse 1, 91074 Herzogenaurach, DE;
68;Football boots;adidas;adidas Predator;Men;Soft Ground (SG/SG-PRO);Professional;Synthetic;Shoelace;No;adidas Predator 2025;White;Jude Bellingham;adidas AG, Adi-Dassler-Strasse 1, 91074 Herzogenaurach, DE;
69;Football boots;adidas;adidas Predator;Men;Firm Ground (FG);Professional;Synthetic;Lack;No;adidas Predator 2025;White;Jude Bellingham;adidas AG, Adi-Dassler-Strasse 1, 91074 Herzogenaurach, DE;
70;Football boots;adidas;adidas Predator;Men;Soft Ground (SG/SG-PRO);Professional;Synthetic;Lack;No;adidas Predator 2025;White;Jude Bellingham;adidas AG, Adi-Dassler-Strasse 1, 91074 Herzogenaurach, DE;
71;Football boots;adidas;adidas Predator;Men;Artificial Grass (AG/TF);Professional;Synthetic;Lack;No;adidas Predator 2025;White;Jude Bellingham;adidas AG, Adi-Dassler-Strasse 1, 91074 Herzogenaurach, DE;
72;Football boots;adidas;adidas Predator;Men;Firm Ground (FG);Professional;Synthetic;Shoelace;No;adidas Predator 2025;White;Jude Bellingham;adidas AG, Adi-Dassler-Strasse 1, 91074 Herzogenaurach, DE;
73;Football boots;adidas;adidas Predator;Men;Soft Ground (SG/SG-PRO);Professional;Synthetic;Shoelace;No;adidas Predator 2025;White;Jude Bellingham;adidas AG, Adi-Dassler-Strasse 1, 91074 Herzogenaurach, DE;
74;Football boots;adidas;adidas Predator;Men;Artificial Grass (AG/TF);Professional;Synthetic;Shoelace;No;adidas Predator 2025;White;Jude Bellingham;adidas AG, Adi-Dassler-Strasse 1, 91074 Herzogenaurach, DE;
75;Football boots;adidas;adidas F50;Men;Firm Ground (FG);Professional;Synthetic;Shoelace;No;adidas F50 Messi & Bad Bunny;Brown;Lionel Messi;adidas AG, Adi-Dassler-Strasse 1, 91074 Herzogenaurach, DE;
76;Football boots;Nike;Nike Mercurial Superfly;Men;Soft Ground (SG/SG-PRO);Professional;Synthetic;Shoelace;Yes;Nike Mercurial Dream Speed 9;sky blue;Cristiano Ronaldo, Kylian Mbappé;NIKE Retail B.V., PO BOX 6453, Colosseum 1, 1213 0, NL;
77;Football boots;Nike;Nike Mercurial Superfly;Men;Firm Ground (FG);Professional;Synthetic;Shoelace;Yes;Nike Mercurial Dream Speed 9;sky blue;Cristiano Ronaldo, Kylian Mbappé;NIKE Retail B.V., PO BOX 6453, Colosseum 1, 1213 0, NL;
78;Football boots;adidas;adidas F50;Men;Firm Ground (FG);Professional;Synthetic;Shoelace;No;adidas F50 Messi Triunfo Estelar Pack;White;Lionel Messi;adidas AG, Adi-Dassler-Strasse 1, 91074 Herzogenaurach, DE;
79;Football boots;adidas;adidas Classic;Men;Soft Ground (SG/SG-PRO);Professional;Leather;Shoelace;No;adidas Classic;White;;adidas AG, Adi-Dassler-Strasse 1, 91074 Herzogenaurach, DE;
80;Football boots;Nike;Nike Mercurial Vapor;Men;Firm Ground (FG);Professional;Synthetic;Shoelace;No;Nike Mad Voltage Pack;Lime;Robert Lewandowski;NIKE Retail B.V., PO BOX 6453, Colosseum 1, 1213 0, NL;
81;Football boots;Nike;Nike Mercurial Vapor;Men;Soft Ground (SG/SG-PRO);Professional;Synthetic;Shoelace;No;Nike Mad Voltage Pack;Lime;;NIKE Retail B.V., PO BOX 6453, Colosseum 1, 1213 0, NL;
82;Football boots;Nike;Nike Mercurial Vapor;Men;Artificial Grass (AG/TF);Professional;Synthetic;Shoelace;No;Nike Mad Voltage Pack;Lime;Robert Lewandowski;NIKE Retail B.V., PO BOX 6453, Colosseum 1, 1213 0, NL;
83;Football boots;Nike;Nike Mercurial Superfly;Men;Soft Ground (SG/SG-PRO);Professional;Synthetic;Shoelace;Yes;Nike Mad Voltage Pack;Lime;Cristiano Ronaldo, Kylian Mbappé;NIKE Retail B.V., PO BOX 6453, Colosseum 1, 1213 0, NL;
84;Football boots;Nike;Nike Mercurial Superfly;Men;Artificial Grass (AG/TF);Professional;Synthetic;Shoelace;Yes;Nike Mad Voltage Pack;Lime;Cristiano Ronaldo, Kylian Mbappé;NIKE Retail B.V., PO BOX 6453, Colosseum 1, 1213 0, NL;
85;Football boots;Nike;Nike Mercurial Superfly;Men;Firm Ground (FG);Professional;Synthetic;Shoelace;Yes;Nike Mad Voltage Pack;Lime;Cristiano Ronaldo, Kylian Mbappé;NIKE Retail B.V., PO BOX 6453, Colosseum 1, 1213 0, NL;
86;Football boots;Nike;Nike Phantom Luna;Men, Women;Soft Ground (SG/SG-PRO);Professional;Synthetic;Shoelace;Yes;Nike Mad Voltage Pack;Gray, Lime;;NIKE Retail B.V., PO BOX 6453, Colosseum 1, 1213 0, NL;
87;Football boots;Nike;Nike Phantom Luna;Men, Women;Firm Ground (FG);Professional;Synthetic;Shoelace;Yes;Nike Mad Voltage Pack;Gray, Lime;;NIKE Retail B.V., PO BOX 6453, Colosseum 1, 1213 0, NL;
88;Football boots;Nike;Nike Phantom GX;Men;Soft Ground (SG/SG-PRO);Professional;Synthetic;Shoelace;No;Nike Mad Voltage Pack;Gray, Lime;;NIKE Retail B.V., PO BOX 6453, Colosseum 1, 1213 0, NL;
89;Football boots;Nike;Nike Phantom GX;Men;Soft Ground (SG/SG-PRO);Professional;Synthetic;Shoelace;No;Nike Mad Voltage Pack;Gray, Lime;;NIKE Retail B.V., PO BOX 6453, Colosseum 1, 1213 0, NL;
90;Football boots;Nike;Nike Tiempo;Men;Soft Ground (SG/SG-PRO);Professional;Leather;Shoelace;No;Nike Mad Voltage Pack;Silver;;NIKE Retail B.V., PO BOX 6453, Colosseum 1, 1213 0, NL;
91;Football boots;Nike;Nike Tiempo;Men;Artificial Grass (AG/TF);Professional;Leather;Shoelace;No;Nike Mad Voltage Pack;Silver;;NIKE Retail B.V., PO BOX 6453, Colosseum 1, 1213 0, NL;
92;Football boots;Nike;Nike Tiempo;Men;Soft Ground (SG/SG-PRO);Professional;Leather;Shoelace;No;Nike Mad Voltage Pack;Silver;;NIKE Retail B.V., PO BOX 6453, Colosseum 1, 1213 0, NL;
93;Football boots;Nike;Nike Tiempo;Men;Firm Ground (FG);Professional;Leather;Shoelace;No;Nike Mad Voltage Pack;Silver;;NIKE Retail B.V., PO BOX 6453, Colosseum 1, 1213 0, NL;
94;Football boots;Nike;;Men;Indoor (IC/IN);Professional;Leather;Shoelace;No;Nike Small Sided;White;;NIKE Retail B.V., PO BOX 6453, Colosseum 1, 1213 0, NL;
95;Football boots;Nike;;Men;Indoor (IC/IN);Professional;Leather;Shoelace;No;Nike Small Sided;Blue;;NIKE Retail B.V., PO BOX 6453, Colosseum 1, 1213 0, NL;
96;Football boots;Nike;;Men;Indoor (IC/IN);Professional;Leather;Shoelace;No;Nike Small Sided;Lime;;NIKE Retail B.V., PO BOX 6453, Colosseum 1, 1213 0, NL;
97;Football boots;Puma;Puma Future;Men;Firm Ground (FG), Artificial Grass (AG/TF);Professional;Synthetic;Shoelace;Yes;Puma Future 8 Launch;White;Neymar Jr;Puma SE, Puma Way 1, 91074 Herzogenaurach, DE;
98;Football boots;Puma;Puma Future;Men;Firm Ground (FG), Artificial Grass (AG/TF);Professional;Synthetic;Shoelace;Yes;Puma x Unisport Conquer your Mountain;Orange, Silver;Neymar Jr;Puma SE, Puma Way 1, 91074 Herzogenaurach, DE;
99;Football boots;Puma;Puma Ultra;Men;Firm Ground (FG), Artificial Grass (AG/TF);Professional;Synthetic;Shoelace;No;Puma x F1 Ultra;Black;;Puma SE, Puma Way 1, 91074 Herzogenaurach, DE;
100;Football boots;Puma;Puma Ultra;Men;Firm Ground (FG), Artificial Grass (AG/TF);Professional;Synthetic;Shoelace;No;Puma x Unisport Conquer your Mountain;White;;Puma SE, Puma Way 1, 91074 Herzogenaurach, DE;
101;Football boots;Puma;Puma King;Men;Firm Ground (FG), Artificial Grass (AG/TF);Professional;Synthetic;Shoelace;No;Puma x Unisport Conquer your Mountain;White;;Puma SE, Puma Way 1, 91074 Herzogenaurach, DE;
102;Football boots;Puma;Puma Future;Men;Soft Ground (SG/SG-PRO);Professional;Synthetic;Shoelace;Yes;Puma Lights Out Pack;Multicolor;Neymar Jr;Puma SE, Puma Way 1, 91074 Herzogenaurach, DE;
103;Football boots;Puma;Puma Future;Men;Firm Ground (FG), Artificial Grass (AG/TF);Professional;Synthetic;Shoelace;Yes;Puma Lights Out Pack;Multicolor;Neymar Jr;Puma SE, Puma Way 1, 91074 Herzogenaurach, DE;
104;Football boots;Puma;Puma Future;Men;Firm Ground (FG), Artificial Grass (AG/TF);Professional;Synthetic;Shoelace;Yes;Puma Lights Out Pack;Multicolor;Neymar Jr;Puma SE, Puma Way 1, 91074 Herzogenaurach, DE;
105;Football boots;Puma;Puma Ultra;Men;Firm Ground (FG), Artificial Grass (AG/TF);Professional;Synthetic;Shoelace;No;Puma Lights Out Pack;Lime;;Puma SE, Puma Way 1, 91074 Herzogenaurach, DE;
106;Football boots;Puma;Puma Ultra;Men;Soft Ground (SG/SG-PRO);Professional;Synthetic;Shoelace;No;Puma Lights Out Pack;Lime;;Puma SE, Puma Way 1, 91074 Herzogenaurach, DE;
107;Football boots;Puma;Puma Ultra;Men;Firm Ground (FG), Artificial Grass (AG/TF);Professional;Synthetic;Shoelace;No;Puma Lights Out Pack;Lime;;Puma SE, Puma Way 1, 91074 Herzogenaurach, DE;
108;Football boots;Puma;Puma Ultra;Men;Firm Ground (FG), Artificial Grass (AG/TF);Professional;Synthetic;Shoelace;No;Puma Lights Out Pack;Lime;;Puma SE, Puma Way 1, 91074 Herzogenaurach, DE;
109;Football boots;Puma;Puma King;Men;Soft Ground (SG/SG-PRO);Professional;Synthetic;Shoelace;No;Puma Lights Out Pack;sky blue;;Puma SE, Puma Way 1, 91074 Herzogenaurach, DE;
110;Football boots;Puma;Puma King;Men;Firm Ground (FG), Artificial Grass (AG/TF);Professional;Synthetic;Shoelace;No;Puma Lights Out Pack;sky blue;;Puma SE, Puma Way 1, 91074 Herzogenaurach, DE;
111;Football boots;New Balance;New Balance Tekela;Men;Firm Ground (FG);Professional;Synthetic;Shoelace;No;New Balance Tekela Endrick Irmão;Green;;New Balance Athletics, Inc., Brighton Landing, 100 Guest Street, Boston, MA 02135-2088, US;
112;Football boots;Mizuno;Mizuno Morelia Neo;Men;Soft Ground (SG/SG-PRO);Professional;Leather;Shoelace;;;White;;Mizuno Co., Mizuno House, 612 Reading Road, Winnersh, Wokingham, Berkshire RG41 5HE, UK;
113;Football boots;Mizuno;Mizuno Morelia Neo;Men;Firm Ground (FG);Professional;Leather;Shoelace;No;;White;;Mizuno Co., Mizuno House, 612 Reading Road, Winnersh, Wokingham, Berkshire RG41 5HE, UK;
114;Football boots;Mizuno;Mizuno Morelia Neo;Men;Firm Ground (FG);Professional;Leather;Shoelace;No;;White;;Mizuno Co., Mizuno House, 612 Reading Road, Winnersh, Wokingham, Berkshire RG41 5HE, UK;
115;Football boots;Mizuno;Mizuno Morelia Neo;Men;Soft Ground (SG/SG-PRO);Professional;Leather;Shoelace;;;White;;Mizuno Co., Mizuno House, 612 Reading Road, Winnersh, Wokingham, Berkshire RG41 5HE, UK;
116;Football boots;Mizuno;Mizuno Morelia Neo;Men;Firm Ground (FG);Professional;Leather;Shoelace;No;;White;;Mizuno Co., Mizuno House, 612 Reading Road, Winnersh, Wokingham, Berkshire RG41 5HE, UK;
117;Football boots;Mizuno;Mizuno Morelia Neo;Men;Firm Ground (FG);Professional;Leather;Shoelace;No;;White;;Mizuno Co., Mizuno House, 612 Reading Road, Winnersh, Wokingham, Berkshire RG41 5HE, UK;
118;Football boots;Mizuno;Mizuno Alpha;Men;Firm Ground (FG);Professional;Synthetic;Shoelace;No;;White, Claret;;Mizuno Co., Mizuno House, 612 Reading Road, Winnersh, Wokingham, Berkshire RG41 5HE, UK;
119;Football boots;Mizuno;Mizuno Morelia Neo;Men;Firm Ground (FG);Professional;Leather;Shoelace;No;;White, Claret;;Mizuno Co., Mizuno House, 612 Reading Road, Winnersh, Wokingham, Berkshire RG41 5HE, UK;
120;Football boots;Mizuno;Mizuno Morelia Neo;Men;Indoor (IC/IN);Professional;Synthetic;Shoelace;No;;Black;;Mizuno Co., Mizuno House, 612 Reading Road, Winnersh, Wokingham, Berkshire RG41 5HE, UK;
121;Football boots;adidas;adidas Predator;Men;Firm Ground (FG);Professional;Synthetic;Shoelace;No;adidas Vivid Horizon Pack;Gray;Jude Bellingham;adidas AG, Adi-Dassler-Strasse 1, 91074 Herzogenaurach, DE;
122;Football boots;adidas;adidas Predator;Men;Firm Ground (FG);Professional;Synthetic;Lack;No;adidas Vivid Horizon Pack;Gray;Jude Bellingham;adidas AG, Adi-Dassler-Strasse 1, 91074 Herzogenaurach, DE;
123;Football boots;adidas;adidas Predator;Men;Artificial Grass (AG/TF);Professional;Synthetic;Lack;No;adidas Vivid Horizon Pack;Gray;Jude Bellingham;adidas AG, Adi-Dassler-Strasse 1, 91074 Herzogenaurach, DE;
124;Football boots;adidas;adidas Predator;Men;Soft Ground (SG/SG-PRO);Professional;Synthetic;Shoelace;No;adidas Vivid Horizon Pack;Gray;Jude Bellingham;adidas AG, Adi-Dassler-Strasse 1, 91074 Herzogenaurach, DE;
125;Football boots;adidas;adidas Predator;Men;Artificial Grass (AG/TF);Professional;Synthetic;Shoelace;No;adidas Vivid Horizon Pack;Gray;Jude Bellingham;adidas AG, Adi-Dassler-Strasse 1, 91074 Herzogenaurach, DE;
126;Football boots;adidas;adidas Predator;Men;Soft Ground (SG/SG-PRO);Professional;Synthetic;Lack;No;adidas Vivid Horizon Pack;Gray;Jude Bellingham;adidas AG, Adi-Dassler-Strasse 1, 91074 Herzogenaurach, DE;
127;Football boots;adidas;adidas Predator;Men;Firm Ground (FG);Professional;Synthetic;Shoelace;No;adidas Vivid Horizon Pack;Gray;Jude Bellingham;adidas AG, Adi-Dassler-Strasse 1, 91074 Herzogenaurach, DE;
128;Football boots;adidas;adidas F50;Men;Firm Ground (FG);Professional;Synthetic;Lack;No;adidas Vivid Horizon Pack;Red;Lionel Messi;adidas AG, Adi-Dassler-Strasse 1, 91074 Herzogenaurach, DE;
129;Football boots;adidas;adidas F50;Men;Firm Ground (FG);Professional;Synthetic;Lack;No;adidas Vivid Horizon Pack;Red;Lionel Messi;adidas AG, Adi-Dassler-Strasse 1, 91074 Herzogenaurach, DE;
130;Football boots;adidas;adidas F50;Men;Soft Ground (SG/SG-PRO);Professional;Synthetic;Lack;No;adidas Vivid Horizon Pack;Red;;adidas AG, Adi-Dassler-Strasse 1, 91074 Herzogenaurach, DE;
131;Football boots;adidas;adidas F50;Men;Firm Ground (FG);Professional;Synthetic;Shoelace;No;adidas Vivid Horizon Pack;Red;Lionel Messi;adidas AG, Adi-Dassler-Strasse 1, 91074 Herzogenaurach, DE;
132;Football boots;adidas;adidas F50;Men;Soft Ground (SG/SG-PRO);Professional;Synthetic;Shoelace;No;adidas Vivid Horizon Pack;Red;;adidas AG, Adi-Dassler-Strasse 1, 91074 Herzogenaurach, DE;
133;Football boots;adidas;adidas F50;Men;Artificial Grass (AG/TF);Professional;Synthetic;Shoelace;No;adidas Vivid Horizon Pack;Red;Lionel Messi;adidas AG, Adi-Dassler-Strasse 1, 91074 Herzogenaurach, DE;
134;Football boots;adidas;adidas Copa;Men;Firm Ground (FG);Professional;Leather;Shoelace;No;adidas Vivid Horizon Pack;Purple;Paulo Dybala;adidas AG, Adi-Dassler-Strasse 1, 91074 Herzogenaurach, DE;
135;Football boots;adidas;adidas Copa;Men;Soft Ground (SG/SG-PRO);Professional;Leather;Shoelace;No;adidas Vivid Horizon Pack;Purple;Paulo Dybala;adidas AG, Adi-Dassler-Strasse 1, 91074 Herzogenaurach, DE;
136;Football boots;adidas;adidas Copa;Men;Artificial Grass (AG/TF);Professional;Leather;Shoelace;No;adidas Vivid Horizon Pack;Purple;Paulo Dybala;adidas AG, Adi-Dassler-Strasse 1, 91074 Herzogenaurach, DE;
137;Football boots;adidas;adidas Copa;Men;Firm Ground (FG);Professional;Leather;Shoelace;No;adidas Copa MIG;White;Paulo Dybala;adidas AG, Adi-Dassler-Strasse 1, 91074 Herzogenaurach, DE;
138;Football boots;adidas;adidas Classic;Men;Firm Ground (FG);Professional;Leather;Shoelace;No;adidas Copa Federation Trefoil;Yellow;;adidas AG, Adi-Dassler-Strasse 1, 91074 Herzogenaurach, DE;Jamaica
139;Football boots;adidas;adidas Classic;Men;Firm Ground (FG);Professional;Leather;Shoelace;No;adidas Classic;White;;adidas AG, Adi-Dassler-Strasse 1, 91074 Herzogenaurach, DE;
140;Football boots;Nike;Nike Mercurial Vapor;Men;Firm Ground (FG);Professional;Synthetic;Shoelace;No;Nike Kylian Mbappé Pack;Orange;;NIKE Retail B.V., PO BOX 6453, Colosseum 1, 1213 0, NL;
141;Football boots;adidas;adidas Predator;Men;Firm Ground (FG);Professional;Synthetic;Lack;No;adidas Stellar Icon;Pink, sky blue;Jude Bellingham;adidas AG, Adi-Dassler-Strasse 1, 91074 Herzogenaurach, DE;
142;Football boots;adidas;adidas Predator;Men;Firm Ground (FG);Professional;Synthetic;Shoelace;No;adidas Stellar Icon;sky blue;Jude Bellingham;adidas AG, Adi-Dassler-Strasse 1, 91074 Herzogenaurach, DE;
143;Football boots;adidas;adidas Predator;Men;Soft Ground (SG/SG-PRO);Professional;Synthetic;Shoelace;No;adidas Reemergence Pack;White;Jude Bellingham;adidas AG, Adi-Dassler-Strasse 1, 91074 Herzogenaurach, DE;
144;Football boots;adidas;adidas Predator;Men;Firm Ground (FG);Professional;Synthetic;Lack;No;adidas Reemergence Pack;White;Jude Bellingham;adidas AG, Adi-Dassler-Strasse 1, 91074 Herzogenaurach, DE;
145;Football boots;adidas;adidas Predator;Men;Firm Ground (FG);Professional;Synthetic;Shoelace;No;adidas Reemergence Pack;White;Jude Bellingham;adidas AG, Adi-Dassler-Strasse 1, 91074 Herzogenaurach, DE;
146;Football boots;adidas;adidas F50;Men;Firm Ground (FG);Professional;Synthetic;Shoelace;No;adidas Stellar Icon;sky blue;Lionel Messi;adidas AG, Adi-Dassler-Strasse 1, 91074 Herzogenaurach, DE;
147;Football boots;adidas;adidas F50;Men;Firm Ground (FG);Professional;Synthetic;Shoelace;No;adidas Reemergence Pack;Blue;Lionel Messi;adidas AG, Adi-Dassler-Strasse 1, 91074 Herzogenaurach, DE;
148;Football boots;adidas;adidas F50;Men;Firm Ground (FG);Professional;Synthetic;Lack;No;adidas Reemergence Pack;Blue;Lionel Messi;adidas AG, Adi-Dassler-Strasse 1, 91074 Herzogenaurach, DE;
149;Football boots;adidas;adidas Copa;Men;Firm Ground (FG);Professional;Leather;Shoelace;No;adidas Reemergence Pack;Black;Paulo Dybala;adidas AG, Adi-Dassler-Strasse 1, 91074 Herzogenaurach, DE;
150;Football boots;adidas;adidas Copa;Men;Firm Ground (FG);Professional;Leather;Shoelace;No;;Blue;;adidas AG, Adi-Dassler-Strasse 1, 91074 Herzogenaurach, DE;
151;Football boots;Nike;Nike Mercurial Vapor;Men;Soft Ground (SG/SG-PRO);Professional;Synthetic;Shoelace;No;Nike Mad Ambition Pack;sky blue;;NIKE Retail B.V., PO BOX 6453, Colosseum 1, 1213 0, NL;
152;Football boots;Nike;Nike Mercurial Superfly;Men;Soft Ground (SG/SG-PRO);Professional;Synthetic;Shoelace;Yes;Nike Mad Ambition Pack;sky blue;Cristiano Ronaldo, Kylian Mbappé;NIKE Retail B.V., PO BOX 6453, Colosseum 1, 1213 0, NL;
153;Football boots;Nike;Nike Mercurial Superfly;Men;Firm Ground (FG);Professional;Synthetic;Shoelace;Yes;Nike Mad Ambition Pack;sky blue;Cristiano Ronaldo, Kylian Mbappé;NIKE Retail B.V., PO BOX 6453, Colosseum 1, 1213 0, NL;
154;Football boots;Nike;Nike Phantom Luna;Men, Women;Firm Ground (FG);Professional;Synthetic;Shoelace;Yes;Nike Mad Ambition Pack;Blue;;NIKE Retail B.V., PO BOX 6453, Colosseum 1, 1213 0, NL;
155;Football boots;Nike;Nike Phantom Luna;Men;Artificial Grass (AG/TF);Professional;Synthetic;Shoelace;Yes;Nike Mad Ambition Pack;Blue;;NIKE Retail B.V., PO BOX 6453, Colosseum 1, 1213 0, NL;
156;Football boots;Nike;Nike Phantom GX;Men;Soft Ground (SG/SG-PRO);Professional;Synthetic;Shoelace;No;Nike Mad Ambition Pack;Blue;;NIKE Retail B.V., PO BOX 6453, Colosseum 1, 1213 0, NL;
157;Football boots;Nike;Nike Phantom GX;Men;Firm Ground (FG);Professional;Synthetic;Shoelace;No;Nike Mad Ambition Pack;Blue;;NIKE Retail B.V., PO BOX 6453, Colosseum 1, 1213 0, NL;
158;Football boots;Nike;Nike Tiempo;Men;Artificial Grass (AG/TF);Professional;Leather;Shoelace;No;Nike Mad Ambition Pack;Blue;;NIKE Retail B.V., PO BOX 6453, Colosseum 1, 1213 0, NL;
159;Football boots;Nike;Nike Tiempo;Men;Soft Ground (SG/SG-PRO);Professional;Leather;Shoelace;No;Nike Mad Ambition Pack;Blue;;NIKE Retail B.V., PO BOX 6453, Colosseum 1, 1213 0, NL;
160;Football boots;Nike;Nike Tiempo;Men;Firm Ground (FG);Professional;Leather;Shoelace;No;Nike Mad Ambition Pack;Blue;;NIKE Retail B.V., PO BOX 6453, Colosseum 1, 1213 0, NL;
161;Football boots;Nike;Nike Tiempo;Men;Soft Ground (SG/SG-PRO);Professional;Leather;Shoelace;No;Nike Mad Ambition Pack;Blue;;NIKE Retail B.V., PO BOX 6453, Colosseum 1, 1213 0, NL;
162;Football boots;adidas;adidas Predator;Men;Firm Ground (FG);Professional;Synthetic;Shoelace;No;adidas Day Spark;White;Jude Bellingham;adidas AG, Adi-Dassler-Strasse 1, 91074 Herzogenaurach, DE;
163;Football boots;adidas;adidas Predator;Men;Firm Ground (FG);Professional;Synthetic;Lack;No;adidas Day Spark;White;Jude Bellingham;adidas AG, Adi-Dassler-Strasse 1, 91074 Herzogenaurach, DE;
164;Football boots;adidas;adidas Predator;Men;Firm Ground (FG);Professional;Synthetic;Shoelace;No;adidas Day Spark;White;Jude Bellingham;adidas AG, Adi-Dassler-Strasse 1, 91074 Herzogenaurach, DE;
165;Football boots;adidas;adidas Predator;Men;Soft Ground (SG/SG-PRO);Professional;Synthetic;Shoelace;No;adidas Day Spark;White;Jude Bellingham;adidas AG, Adi-Dassler-Strasse 1, 91074 Herzogenaurach, DE;
166;Football boots;adidas;adidas F50;Men;Firm Ground (FG);Professional;Synthetic;Shoelace;No;adidas Day Spark;White;Lionel Messi;adidas AG, Adi-Dassler-Strasse 1, 91074 Herzogenaurach, DE;
167;Football boots;adidas;adidas Copa;Men;Firm Ground (FG);Professional;Leather;Shoelace;No;adidas Day Spark;White;Paulo Dybala;adidas AG, Adi-Dassler-Strasse 1, 91074 Herzogenaurach, DE;
168;Football boots;Nike;Nike Mercurial Vapor;Men;Soft Ground (SG/SG-PRO);Professional;Synthetic;Shoelace;No;Nike Shadow Pack 2024;Black;;NIKE Retail B.V., PO BOX 6453, Colosseum 1, 1213 0, NL;
169;Football boots;Nike;Nike Mercurial Vapor;Men;Artificial Grass (AG/TF);Professional;Synthetic;Shoelace;No;Nike Shadow Pack 2024;Black;Robert Lewandowski;NIKE Retail B.V., PO BOX 6453, Colosseum 1, 1213 0, NL;
170;Football boots;Nike;Nike Mercurial Superfly;Men;Soft Ground (SG/SG-PRO);Professional;Synthetic;Shoelace;Yes;Nike Shadow Pack 2024;Black;Cristiano Ronaldo, Kylian Mbappé;NIKE Retail B.V., PO BOX 6453, Colosseum 1, 1213 0, NL;
171;Football boots;Nike;Nike Mercurial Superfly;Men;Artificial Grass (AG/TF);Professional;Synthetic;Shoelace;Yes;Nike Shadow Pack 2024;Black;Cristiano Ronaldo, Kylian Mbappé;NIKE Retail B.V., PO BOX 6453, Colosseum 1, 1213 0, NL;
172;Football boots;Nike;Nike Mercurial Superfly;Men;Firm Ground (FG);Professional;Synthetic;Shoelace;Yes;Nike Shadow Pack 2024;Black;Cristiano Ronaldo, Kylian Mbappé;NIKE Retail B.V., PO BOX 6453, Colosseum 1, 1213 0, NL;
173;Football boots;Nike;Nike Phantom Luna;Men;Artificial Grass (AG/TF);Professional;Synthetic;Shoelace;Yes;Nike Shadow Pack 2024;Black;;NIKE Retail B.V., PO BOX 6453, Colosseum 1, 1213 0, NL;
174;Football boots;Nike;Nike Phantom GX;Men;Artificial Grass (AG/TF);Professional;Synthetic;Shoelace;No;Nike Shadow Pack 2024;Black;;NIKE Retail B.V., PO BOX 6453, Colosseum 1, 1213 0, NL;
175;Football boots;Nike;Nike Phantom GX;Men;Soft Ground (SG/SG-PRO);Professional;Synthetic;Shoelace;No;Nike Shadow Pack 2024;Black;;NIKE Retail B.V., PO BOX 6453, Colosseum 1, 1213 0, NL;
176;Football boots;Nike;Nike Phantom GX;Men;Firm Ground (FG);Professional;Synthetic;Shoelace;No;Nike Shadow Pack 2024;Black;;NIKE Retail B.V., PO BOX 6453, Colosseum 1, 1213 0, NL;
177;Football boots;Nike;Nike Tiempo;Men;Soft Ground (SG/SG-PRO);Professional;Leather;Shoelace;No;Nike Shadow Pack 2024;Black;;NIKE Retail B.V., PO BOX 6453, Colosseum 1, 1213 0, NL;
178;Football boots;Nike;Nike Tiempo;Men;Firm Ground (FG);Professional;Leather;Shoelace;No;Nike Shadow Pack 2024;Black;;NIKE Retail B.V., PO BOX 6453, Colosseum 1, 1213 0, NL;
179;Football boots;Nike;Nike Tiempo;Men;Artificial Grass (AG/TF);Professional;Leather;Shoelace;No;Nike Shadow Pack 2024;Black;;NIKE Retail B.V., PO BOX 6453, Colosseum 1, 1213 0, NL;
180;Football boots;adidas;adidas Predator;Men;Firm Ground (FG);Professional;Synthetic;Shoelace;No;adidas Dark Spark;Black;Jude Bellingham;adidas AG, Adi-Dassler-Strasse 1, 91074 Herzogenaurach, DE;
181;Football boots;adidas;adidas Predator;Men;Firm Ground (FG);Professional;Synthetic;Lack;No;adidas Dark Spark;Black;Jude Bellingham;adidas AG, Adi-Dassler-Strasse 1, 91074 Herzogenaurach, DE;
182;Football boots;adidas;adidas Predator;Men;Firm Ground (FG);Professional;Synthetic;Shoelace;No;adidas Dark Spark;Black;Jude Bellingham;adidas AG, Adi-Dassler-Strasse 1, 91074 Herzogenaurach, DE;
183;Football boots;adidas;adidas F50;Men;Firm Ground (FG);Professional;Synthetic;Shoelace;No;adidas Dark Spark;Black;Lionel Messi;adidas AG, Adi-Dassler-Strasse 1, 91074 Herzogenaurach, DE;
184;Football boots;adidas;adidas F50;Men;Soft Ground (SG/SG-PRO);Professional;Synthetic;Shoelace;No;adidas Dark Spark;Black;;adidas AG, Adi-Dassler-Strasse 1, 91074 Herzogenaurach, DE;
185;Football boots;adidas;adidas Copa;Men;Firm Ground (FG);Professional;Leather;Shoelace;No;adidas Dark Spark;Black;Paulo Dybala;adidas AG, Adi-Dassler-Strasse 1, 91074 Herzogenaurach, DE;
186;Football boots;Puma;Puma Future;Men;Firm Ground (FG), Artificial Grass (AG/TF);Professional;Synthetic;Shoelace;Yes;Puma Neymar Jr BNA;Navy blue;Neymar Jr;Puma SE, Puma Way 1, 91074 Herzogenaurach, DE;
187;Football boots;Puma;Puma Ultra;Men;Firm Ground (FG), Artificial Grass (AG/TF);Professional;Synthetic;Shoelace;No;Puma Ultra Senna;White;;Puma SE, Puma Way 1, 91074 Herzogenaurach, DE;
188;Football boots;Puma;Puma Future;Men;Firm Ground (FG), Artificial Grass (AG/TF);Professional;Synthetic;Shoelace;Yes;Puma Future Goalkeeper;Pink;;Puma SE, Puma Way 1, 91074 Herzogenaurach, DE;
189;Football boots;Puma;Puma Future;Men;Firm Ground (FG), Artificial Grass (AG/TF);Professional;Synthetic;Shoelace;Yes;Puma Volume Up Pack;White;Neymar Jr;Puma SE, Puma Way 1, 91074 Herzogenaurach, DE;
190;Football boots;Puma;Puma Ultra;Men;Firm Ground (FG), Artificial Grass (AG/TF);Professional;Synthetic;Shoelace;No;Puma Volume Up Pack;White;;Puma SE, Puma Way 1, 91074 Herzogenaurach, DE;
191;Football boots;Puma;Puma King;Men;Firm Ground (FG), Artificial Grass (AG/TF);Professional;Synthetic;Shoelace;No;Puma Volume Up Pack;sky blue;;Puma SE, Puma Way 1, 91074 Herzogenaurach, DE;
192;Football boots;Puma;Puma Future;Men;Soft Ground (SG/SG-PRO);Professional;Synthetic;Shoelace;Yes;Puma Formula Pack;Blue;Neymar Jr;Puma SE, Puma Way 1, 91074 Herzogenaurach, DE;
193;Football boots;Puma;Puma Future;Men;Firm Ground (FG), Artificial Grass (AG/TF);Professional;Synthetic;Shoelace;Yes;Puma Formula Pack;Blue;Neymar Jr;Puma SE, Puma Way 1, 91074 Herzogenaurach, DE;
194;Football boots;Puma;Puma Ultra;Men;Soft Ground (SG/SG-PRO);Professional;Synthetic;Shoelace;No;Puma Formula Pack;Navy blue;;Puma SE, Puma Way 1, 91074 Herzogenaurach, DE;
195;Football boots;Puma;Puma Ultra;Men;Firm Ground (FG), Artificial Grass (AG/TF);Professional;Synthetic;Shoelace;No;Puma Formula Pack;Navy blue;;Puma SE, Puma Way 1, 91074 Herzogenaurach, DE;
196;Football boots;Puma;Puma Ultra;Men;Firm Ground (FG), Artificial Grass (AG/TF);Professional;Synthetic;Shoelace;No;Puma Formula Pack;Navy blue;;Puma SE, Puma Way 1, 91074 Herzogenaurach, DE;
197;Football boots;Puma;Puma King;Men;Soft Ground (SG/SG-PRO);Professional;Synthetic;Shoelace;No;Puma Formula Pack;White;;Puma SE, Puma Way 1, 91074 Herzogenaurach, DE;
198;Football boots;Puma;Puma King;Men;Firm Ground (FG), Artificial Grass (AG/TF);Professional;Synthetic;Shoelace;No;Puma Formula Pack;White;;Puma SE, Puma Way 1, 91074 Herzogenaurach, DE;
199;Football boots;Puma;Puma Future;Men;Firm Ground (FG), Artificial Grass (AG/TF);Professional;Synthetic;Shoelace;Yes;Puma White Pack;White;Neymar Jr;Puma SE, Puma Way 1, 91074 Herzogenaurach, DE;
200;Football boots;Puma;Puma Future;Men;Soft Ground (SG/SG-PRO);Professional;Synthetic;Shoelace;Yes;Puma Black Pack;Black;Lionel Messi;Puma SE, Puma Way 1, 91074 Herzogenaurach, DE;
201;Football boots;Puma;Puma Future;Men;Firm Ground (FG), Artificial Grass (AG/TF);Professional;Synthetic;Shoelace;Yes;Puma Black Pack;Black;Neymar Jr;Puma SE, Puma Way 1, 91074 Herzogenaurach, DE;
202;Football boots;Puma;Puma Future;Men;Firm Ground (FG), Artificial Grass (AG/TF);Professional;Synthetic;Shoelace;Yes;Puma Black Pack;Black;Neymar Jr;Puma SE, Puma Way 1, 91074 Herzogenaurach, DE;
203;Football boots;Puma;Puma Ultra;Men;Firm Ground (FG), Artificial Grass (AG/TF);Professional;Synthetic;Shoelace;No;Puma White Pack;White;;Puma SE, Puma Way 1, 91074 Herzogenaurach, DE;
204;Football boots;Puma;Puma Ultra;Men;Soft Ground (SG/SG-PRO);Professional;Synthetic;Shoelace;No;Puma Black Pack;Black;;Puma SE, Puma Way 1, 91074 Herzogenaurach, DE;
205;Football boots;Puma;Puma Ultra;Men;Firm Ground (FG), Artificial Grass (AG/TF);Professional;Synthetic;Shoelace;No;Puma Black Pack;Black;;Puma SE, Puma Way 1, 91074 Herzogenaurach, DE;
206;Football boots;Puma;Puma King;Men;Firm Ground (FG), Artificial Grass (AG/TF);Professional;Synthetic;Shoelace;No;Puma White Pack;White;;Puma SE, Puma Way 1, 91074 Herzogenaurach, DE;
207;Football boots;Puma;Puma King;Men;Firm Ground (FG), Artificial Grass (AG/TF);Professional;Synthetic;Shoelace;No;Puma Black Pack;Black;;Puma SE, Puma Way 1, 91074 Herzogenaurach, DE;
208;Football boots;Puma;Puma King;Men;Soft Ground (SG/SG-PRO);Professional;Synthetic;Shoelace;No;Puma Black Pack;Black;;Puma SE, Puma Way 1, 91074 Herzogenaurach, DE;
209;Football boots;New Balance;New Balance Tekela;Men;Firm Ground (FG);Professional;Synthetic;Shoelace;No;New Balance Power Surge Pack;Navy blue;;New Balance Athletics, Inc., Brighton Landing, 100 Guest Street, Boston, MA 02135-2088, US;
210;Football boots;New Balance;New Balance Tekela;Men;Firm Ground (FG);Professional;Synthetic;Lack;Yes;New Balance Power Surge Pack;Navy blue;;New Balance Athletics, Inc., Brighton Landing, 100 Guest Street, Boston, MA 02135-2088, US;
211;Football boots;New Balance;New Balance Furon;Men;Firm Ground (FG);Professional;Synthetic;;No;New Balance Power Surge Pack;Orange;Raheem Sterling;New Balance Athletics, Inc., Brighton Landing, 100 Guest Street, Boston, MA 02135-2088, US;
212;Football boots;New Balance;New Balance Furon;Men;Artificial Grass (AG/TF);Professional;Synthetic;Shoelace;No;New Balance Power Surge Pack;Orange;Raheem Sterling;New Balance Athletics, Inc., Brighton Landing, 100 Guest Street, Boston, MA 02135-2088, US;
213;Football boots;New Balance;New Balance Tekela;Men;Soft Ground (SG/SG-PRO);Professional;Synthetic;Shoelace;No;New Balance United in Fuelcell Pack;White;;New Balance Athletics, Inc., Brighton Landing, 100 Guest Street, Boston, MA 02135-2088, US;
214;Football boots;New Balance;New Balance Tekela;Men;Firm Ground (FG);Professional;Synthetic;Lack;Yes;New Balance United in Fuelcell Pack;White;;New Balance Athletics, Inc., Brighton Landing, 100 Guest Street, Boston, MA 02135-2088, US;
215;Football boots;New Balance;New Balance Tekela;Men;Firm Ground (FG);Professional;Synthetic;Shoelace;No;New Balance United in Fuelcell Pack;White;;New Balance Athletics, Inc., Brighton Landing, 100 Guest Street, Boston, MA 02135-2088, US;
216;Football boots;New Balance;New Balance Tekela;Men;Firm Ground (FG);Professional;Synthetic;Shoelace;No;New Balance Canvas Series - Endrick Felipe;White;;New Balance Athletics, Inc., Brighton Landing, 100 Guest Street, Boston, MA 02135-2088, US;
217;Football boots;New Balance;New Balance Furon;Men;Firm Ground (FG);Professional;Synthetic;;No;New Balance United in Fuelcell Pack;White;Raheem Sterling;New Balance Athletics, Inc., Brighton Landing, 100 Guest Street, Boston, MA 02135-2088, US;
218;Football boots;New Balance;New Balance Furon;Men;Soft Ground (SG/SG-PRO);Professional;Synthetic;Shoelace;No;New Balance United in Fuelcell Pack;White;Raheem Sterling;New Balance Athletics, Inc., Brighton Landing, 100 Guest Street, Boston, MA 02135-2088, US;
219;Football boots;New Balance;New Balance 442;Men;Firm Ground (FG);Professional;Leather;Shoelace;No;New Balance United in Fuelcell Pack;White;;New Balance Athletics, Inc., Brighton Landing, 100 Guest Street, Boston, MA 02135-2088, US;
220;Football boots;New Balance;New Balance 442;Men;Indoor (IC/IN);Professional;Leather;Shoelace;No;New Balance United in Fuelcell Pack;White;;New Balance Athletics, Inc., Brighton Landing, 100 Guest Street, Boston, MA 02135-2088, US;
221;Football boots;New Balance;New Balance Audazo;Men;Indoor (IC/IN);Professional;Synthetic;Shoelace;No;New Balance 2024;Yellow;;New Balance Athletics, Inc., Brighton Landing, 100 Guest Street, Boston, MA 02135-2088, US;
222;Football boots;Mizuno;Mizuno Morelia Neo;Men;Soft Ground (SG/SG-PRO);Professional;Leather;Shoelace;;;Black;;Mizuno Co., Mizuno House, 612 Reading Road, Winnersh, Wokingham, Berkshire RG41 5HE, UK;
223;Football boots;Mizuno;Mizuno Morelia Neo;Men;Firm Ground (FG);Professional;Leather;Shoelace;No;;White;;Mizuno Co., Mizuno House, 612 Reading Road, Winnersh, Wokingham, Berkshire RG41 5HE, UK;
224;Football boots;Mizuno;Mizuno Morelia Neo;Men;Firm Ground (FG);Professional;Leather;Shoelace;No;;Black;;Mizuno Co., Mizuno House, 612 Reading Road, Winnersh, Wokingham, Berkshire RG41 5HE, UK;
225;Football boots;Mizuno;Mizuno Morelia Neo;Men;Indoor (IC/IN);Professional;Synthetic;Shoelace;No;;White;;Mizuno Co., Mizuno House, 612 Reading Road, Winnersh, Wokingham, Berkshire RG41 5HE, UK;
226;Football boots;Mizuno;Mizuno Morelia Neo;Men;Indoor (IC/IN);Professional;Synthetic;Shoelace;No;;White;;Mizuno Co., Mizuno House, 612 Reading Road, Winnersh, Wokingham, Berkshire RG41 5HE, UK;
227;Football boots;Mizuno;Mizuno Morelia Neo;Men;Soft Ground (SG/SG-PRO);Professional;Leather;Shoelace;;;White;;Mizuno Co., Mizuno House, 612 Reading Road, Winnersh, Wokingham, Berkshire RG41 5HE, UK;
228;Football boots;Mizuno;Mizuno Morelia Neo;Men;Soft Ground (SG/SG-PRO);Professional;Leather;Shoelace;;;Black;;Mizuno Co., Mizuno House, 612 Reading Road, Winnersh, Wokingham, Berkshire RG41 5HE, UK;
229;Football boots;Mizuno;Mizuno Morelia Neo;Men;Firm Ground (FG);Professional;Leather;Shoelace;No;;Black;;Mizuno Co., Mizuno House, 612 Reading Road, Winnersh, Wokingham, Berkshire RG41 5HE, UK;
230;Football boots;Mizuno;Mizuno Morelia Neo;Men;Firm Ground (FG);Professional;Leather;Shoelace;No;;White;;Mizuno Co., Mizuno House, 612 Reading Road, Winnersh, Wokingham, Berkshire RG41 5HE, UK;
231;Football boots;Mizuno;Mizuno Alpha;Men;Firm Ground (FG);Professional;Synthetic;Shoelace;No;;Blue;;Mizuno Co., Mizuno House, 612 Reading Road, Winnersh, Wokingham, Berkshire RG41 5HE, UK;
232;Football boots;Mizuno;Mizuno Morelia Neo;Men;Firm Ground (FG);Professional;Leather;Shoelace;No;;White;;Mizuno Co., Mizuno House, 612 Reading Road, Winnersh, Wokingham, Berkshire RG41 5HE, UK;
233;Football boots;Mizuno;Mizuno Morelia Neo;Men;Soft Ground (SG/SG-PRO);Professional;Leather;Shoelace;;;White;;Mizuno Co., Mizuno House, 612 Reading Road, Winnersh, Wokingham, Berkshire RG41 5HE, UK;
234;Football boots;Mizuno;Mizuno Morelia Neo;Men;Soft Ground (SG/SG-PRO);Professional;Leather;Shoelace;;;Blue;;Mizuno Co., Mizuno House, 612 Reading Road, Winnersh, Wokingham, Berkshire RG41 5HE, UK;
235;Football boots;Mizuno;Mizuno Morelia Neo;Men;Firm Ground (FG);Professional;Leather;Shoelace;No;;White;;Mizuno Co., Mizuno House, 612 Reading Road, Winnersh, Wokingham, Berkshire RG41 5HE, UK;
236;Football boots;adidas;adidas Predator;Men;Firm Ground (FG);Professional;Synthetic;Shoelace;No;adidas Advancement Pack;Blue;Jude Bellingham;adidas AG, Adi-Dassler-Strasse 1, 91074 Herzogenaurach, DE;
237;Football boots;adidas;adidas Predator;Men;Soft Ground (SG/SG-PRO);Professional;Synthetic;Shoelace;No;adidas Advancement Pack;Blue;Jude Bellingham;adidas AG, Adi-Dassler-Strasse 1, 91074 Herzogenaurach, DE;
238;Football boots;adidas;adidas Predator;Men;Artificial Grass (AG/TF);Professional;Synthetic;Lack;No;adidas Advancement Pack;Blue;Jude Bellingham;adidas AG, Adi-Dassler-Strasse 1, 91074 Herzogenaurach, DE;
239;Football boots;adidas;adidas Predator;Men;Soft Ground (SG/SG-PRO);Professional;Synthetic;Lack;No;adidas Advancement Pack;Blue;Jude Bellingham;adidas AG, Adi-Dassler-Strasse 1, 91074 Herzogenaurach, DE;
240;Football boots;adidas;adidas Predator;Men;Soft Ground (SG/SG-PRO);Professional;Synthetic;Shoelace;No;adidas Advancement Pack;Blue;Jude Bellingham;adidas AG, Adi-Dassler-Strasse 1, 91074 Herzogenaurach, DE;
241;Football boots;adidas;adidas Predator;Men;Artificial Grass (AG/TF);Professional;Synthetic;Shoelace;No;adidas Advancement Pack;Blue;Jude Bellingham;adidas AG, Adi-Dassler-Strasse 1, 91074 Herzogenaurach, DE;
242;Football boots;adidas;adidas Predator;Men;Firm Ground (FG);Professional;Synthetic;Lack;No;adidas Advancement Pack;Blue;Jude Bellingham;adidas AG, Adi-Dassler-Strasse 1, 91074 Herzogenaurach, DE;
243;Football boots;adidas;adidas Predator;Men;Firm Ground (FG);Professional;Synthetic;Shoelace;No;adidas Advancement Pack;Blue;Jude Bellingham;adidas AG, Adi-Dassler-Strasse 1, 91074 Herzogenaurach, DE;
244;Football boots;adidas;adidas Predator;Men;Artificial Grass (AG/TF);Professional;Synthetic;Shoelace;No;adidas Advancement Pack;Blue;Jude Bellingham;adidas AG, Adi-Dassler-Strasse 1, 91074 Herzogenaurach, DE;
245;Football boots;adidas;adidas Predator;Men;Indoor (IC/IN);Professional;Synthetic;Shoelace;No;adidas Advancement Pack;Blue;Jude Bellingham;adidas AG, Adi-Dassler-Strasse 1, 91074 Herzogenaurach, DE;
246;Football boots;adidas;adidas Predator;Men;Artificial Grass (AG/TF);Professional;Synthetic;Shoelace;No;adidas Advancement Pack;Blue;Jude Bellingham;adidas AG, Adi-Dassler-Strasse 1, 91074 Herzogenaurach, DE;
247;Football boots;adidas;adidas F50;Men;Firm Ground (FG);Professional;Synthetic;Shoelace;No;adidas F50 Messi Triunfo Dorado Pack;Gold;Lionel Messi;adidas AG, Adi-Dassler-Strasse 1, 91074 Herzogenaurach, DE;
248;Football boots;adidas;adidas F50;Men;Firm Ground (FG);Professional;Synthetic;Lack;No;adidas Advancement Pack;White;Lionel Messi;adidas AG, Adi-Dassler-Strasse 1, 91074 Herzogenaurach, DE;
249;Football boots;adidas;adidas F50;Men;Firm Ground (FG);Professional;Synthetic;Lack;No;adidas Advancement Pack;White;Lionel Messi;adidas AG, Adi-Dassler-Strasse 1, 91074 Herzogenaurach, DE;
250;Football boots;adidas;adidas F50;Men;Soft Ground (SG/SG-PRO);Professional;Synthetic;Lack;No;adidas Advancement Pack;White;;adidas AG, Adi-Dassler-Strasse 1, 91074 Herzogenaurach, DE;
251;Football boots;adidas;adidas F50;Men;Firm Ground (FG);Professional;Synthetic;Shoelace;No;adidas Advancement Pack;White;Lionel Messi;adidas AG, Adi-Dassler-Strasse 1, 91074 Herzogenaurach, DE;
252;Football boots;adidas;adidas F50;Men;Artificial Grass (AG/TF);Professional;Synthetic;Shoelace;No;adidas Advancement Pack;White;Lionel Messi;adidas AG, Adi-Dassler-Strasse 1, 91074 Herzogenaurach, DE;
253;Football boots;adidas;adidas F50;Men;Soft Ground (SG/SG-PRO);Professional;Synthetic;Shoelace;No;adidas Advancement Pack;White;;adidas AG, Adi-Dassler-Strasse 1, 91074 Herzogenaurach, DE;
254;Football boots;adidas;adidas Copa;Men;Artificial Grass (AG/TF);Professional;Leather;Shoelace;No;adidas Advancement Pack;White;Paulo Dybala;adidas AG, Adi-Dassler-Strasse 1, 91074 Herzogenaurach, DE;
255;Football boots;adidas;adidas Copa;Men;Soft Ground (SG/SG-PRO);Professional;Leather;Shoelace;No;adidas Advancement Pack;White;Paulo Dybala;adidas AG, Adi-Dassler-Strasse 1, 91074 Herzogenaurach, DE;
256;Football boots;adidas;adidas Copa;Men;Firm Ground (FG);Professional;Leather;Shoelace;No;adidas Advancement Pack;White;Paulo Dybala;adidas AG, Adi-Dassler-Strasse 1, 91074 Herzogenaurach, DE;
257;Football boots;adidas;adidas Copa;Men;Artificial Grass (AG/TF);Professional;Leather;Shoelace;No;adidas Advancement Pack;White;Paulo Dybala;adidas AG, Adi-Dassler-Strasse 1, 91074 Herzogenaurach, DE;
258;Football boots;Nike;Nike Tiempo;Men;Firm Ground (FG);Professional;Leather;Shoelace;No;Nike Mad Brilliance Pack;Pink;;NIKE Retail B.V., PO BOX 6453, Colosseum 1, 1213 0, NL;
259;Football boots;adidas;;Men;Indoor (IC/IN);Professional;Synthetic;Shoelace;No;;White;;adidas AG, Adi-Dassler-Strasse 1, 91074 Herzogenaurach, DE;
260;Football boots;adidas;adidas F50;Men;Firm Ground (FG);Professional;Synthetic;Shoelace;No;adidas F50 Fast Reborn;Purple;Lionel Messi;adidas AG, Adi-Dassler-Strasse 1, 91074 Herzogenaurach, DE;
261;Football boots;adidas;adidas Predator;Men;Firm Ground (FG);Professional;Synthetic;Lack;No;adidas Citrus Energy Pack;Yellow;Jude Bellingham;adidas AG, Adi-Dassler-Strasse 1, 91074 Herzogenaurach, DE;
262;Football boots;adidas;adidas Predator;Men;Soft Ground (SG/SG-PRO);Professional;Synthetic;Lack;No;adidas Citrus Energy Pack;Yellow;Jude Bellingham;adidas AG, Adi-Dassler-Strasse 1, 91074 Herzogenaurach, DE;
263;Football boots;adidas;adidas Predator;Men;Soft Ground (SG/SG-PRO);Professional;Synthetic;Shoelace;No;adidas Citrus Energy Pack;Yellow;Jude Bellingham;adidas AG, Adi-Dassler-Strasse 1, 91074 Herzogenaurach, DE;
264;Football boots;adidas;adidas Predator;Men;Firm Ground (FG);Professional;Synthetic;Shoelace;No;adidas Citrus Energy Pack;Yellow;Jude Bellingham;adidas AG, Adi-Dassler-Strasse 1, 91074 Herzogenaurach, DE;
265;Football boots;adidas;adidas Predator;Men;Artificial Grass (AG/TF);Professional;Synthetic;Shoelace;No;adidas Citrus Energy Pack;Yellow;Jude Bellingham;adidas AG, Adi-Dassler-Strasse 1, 91074 Herzogenaurach, DE;
266;Football boots;adidas;adidas X;Men;Firm Ground (FG);Professional;Synthetic;Shoelace;No;adidas Citrus Energy Pack;Red;;adidas AG, Adi-Dassler-Strasse 1, 91074 Herzogenaurach, DE;
267;Football boots;adidas;adidas X;Men;Soft Ground (SG/SG-PRO);Professional;Synthetic;Lack;No;adidas Citrus Energy Pack;Red;;adidas AG, Adi-Dassler-Strasse 1, 91074 Herzogenaurach, DE;
268;Football boots;adidas;adidas X;Men;Soft Ground (SG/SG-PRO);Professional;Synthetic;Lack;No;adidas Citrus Energy Pack;Red;;adidas AG, Adi-Dassler-Strasse 1, 91074 Herzogenaurach, DE;
269;Football boots;adidas;adidas X;Men;Firm Ground (FG);Professional;Synthetic;Lack;No;adidas Citrus Energy Pack;Red;;adidas AG, Adi-Dassler-Strasse 1, 91074 Herzogenaurach, DE;
270;Football boots;adidas;adidas X;Men;Artificial Grass (AG/TF);Professional;Synthetic;Shoelace;No;adidas Citrus Energy Pack;Red;;adidas AG, Adi-Dassler-Strasse 1, 91074 Herzogenaurach, DE;
271;Football boots;adidas;adidas Copa;Men;Firm Ground (FG);Professional;Leather;Shoelace;No;adidas Citrus Energy Pack;Claret;Paulo Dybala;adidas AG, Adi-Dassler-Strasse 1, 91074 Herzogenaurach, DE;
272;Football boots;adidas;adidas Copa;Men;Soft Ground (SG/SG-PRO);Professional;Leather;Shoelace;No;adidas Citrus Energy Pack;Claret;Paulo Dybala;adidas AG, Adi-Dassler-Strasse 1, 91074 Herzogenaurach, DE;
273;Football boots;adidas;adidas Copa;Men;Firm Ground (FG);Professional;Leather;Shoelace;No;adidas Citrus Energy Pack;Claret;Paulo Dybala;adidas AG, Adi-Dassler-Strasse 1, 91074 Herzogenaurach, DE;
274;Football boots;adidas;adidas Copa;Men;Soft Ground (SG/SG-PRO);Professional;Leather;Shoelace;No;adidas Citrus Energy Pack;Claret;Paulo Dybala;adidas AG, Adi-Dassler-Strasse 1, 91074 Herzogenaurach, DE;
275;Football boots;Puma;Puma King;Men;Firm Ground (FG), Artificial Grass (AG/TF);Professional;Synthetic;Shoelace;No;Puma King Limited Edition;Black, Red;;Puma SE, Puma Way 1, 91074 Herzogenaurach, DE;
276;Football boots;Puma;Puma Future;Men;Soft Ground (SG/SG-PRO);Professional;Synthetic;Shoelace;Yes;Puma Forever Faster;Red;Neymar Jr;Puma SE, Puma Way 1, 91074 Herzogenaurach, DE;
277;Football boots;Puma;Puma Future;Men;Firm Ground (FG), Artificial Grass (AG/TF);Professional;Synthetic;Shoelace;Yes;Puma Forever Faster;Red;Neymar Jr;Puma SE, Puma Way 1, 91074 Herzogenaurach, DE;
278;Football boots;Puma;Puma Ultra;Men;Soft Ground (SG/SG-PRO);Professional;Synthetic;Shoelace;No;Puma Forever Faster;Orange;;Puma SE, Puma Way 1, 91074 Herzogenaurach, DE;
279;Football boots;Puma;Puma Ultra;Men;Firm Ground (FG), Artificial Grass (AG/TF);Professional;Synthetic;Shoelace;No;Puma Forever Faster;Orange;;Puma SE, Puma Way 1, 91074 Herzogenaurach, DE;
280;Football boots;Puma;Puma Ultra;Men;Artificial Grass (AG/TF);Professional;Synthetic;Shoelace;No;Puma Forever Faster;Orange;;Puma SE, Puma Way 1, 91074 Herzogenaurach, DE;
281;Football boots;Puma;Puma King;Men;Soft Ground (SG/SG-PRO);Professional;Synthetic;Shoelace;No;Puma Forever Faster;Orange;;Puma SE, Puma Way 1, 91074 Herzogenaurach, DE;
282;Football boots;Puma;Puma King;Men;Firm Ground (FG), Artificial Grass (AG/TF);Professional;Synthetic;Shoelace;No;Puma Forever Faster;Orange;;Puma SE, Puma Way 1, 91074 Herzogenaurach, DE;
283;Football boots;New Balance;New Balance Tekela;Men;Firm Ground (FG);Professional;Synthetic;Lack;Yes;New Balance May Inline Pack;Lime;;New Balance Athletics, Inc., Brighton Landing, 100 Guest Street, Boston, MA 02135-2088, US;
284;Football boots;New Balance;New Balance Tekela;Men;Firm Ground (FG);Professional;Synthetic;Shoelace;No;New Balance May Inline Pack;Lime;;New Balance Athletics, Inc., Brighton Landing, 100 Guest Street, Boston, MA 02135-2088, US;
285;Football boots;New Balance;New Balance Furon;Men;Firm Ground (FG);Professional;Synthetic;;No;New Balance May Inline Pack;Lime;Raheem Sterling;New Balance Athletics, Inc., Brighton Landing, 100 Guest Street, Boston, MA 02135-2088, US;
286;Football boots;New Balance;New Balance Tekela;Men;Firm Ground (FG);Professional;Synthetic;Shoelace;No;New Balance Gray Day Pack;Gray;;New Balance Athletics, Inc., Brighton Landing, 100 Guest Street, Boston, MA 02135-2088, US;
287;Football boots;New Balance;New Balance Furon;Men;Firm Ground (FG);Professional;Synthetic;;No;New Balance Gray Day Pack;Gray;Raheem Sterling;New Balance Athletics, Inc., Brighton Landing, 100 Guest Street, Boston, MA 02135-2088, US;
288;Football boots;New Balance;New Balance 442;Men;Firm Ground (FG);Professional;Leather;Shoelace;No;New Balance Gray Day Pack;Gray;;New Balance Athletics, Inc., Brighton Landing, 100 Guest Street, Boston, MA 02135-2088, US;
289;Football boots;Mizuno;Mizuno Alpha;Men;Firm Ground (FG);Professional;Synthetic;Shoelace;No;;Blue;;Mizuno Co., Mizuno House, 612 Reading Road, Winnersh, Wokingham, Berkshire RG41 5HE, UK;
290;Football boots;adidas;adidas Classic;Men;Firm Ground (FG);Professional;Leather;Shoelace;No;adidas Copa Federation Trefoil;White;;adidas AG, Adi-Dassler-Strasse 1, 91074 Herzogenaurach, DE;Germany
291;Football boots;adidas;adidas Predator;Men;Firm Ground (FG);Professional;Synthetic;Shoelace;No;adidas Predator Black;Black;Jude Bellingham;adidas AG, Adi-Dassler-Strasse 1, 91074 Herzogenaurach, DE;
292;Football boots;Nike;Nike Mercurial Vapor;Men;Soft Ground (SG/SG-PRO);Professional;Synthetic;Shoelace;No;Nike Mad Ready Pack;Beige;;NIKE Retail B.V., PO BOX 6453, Colosseum 1, 1213 0, NL;
293;Football boots;Nike;Nike Mercurial Superfly;Men;Soft Ground (SG/SG-PRO);Professional;Synthetic;Shoelace;Yes;Nike Mad Ready Pack;Beige;Cristiano Ronaldo, Kylian Mbappé;NIKE Retail B.V., PO BOX 6453, Colosseum 1, 1213 0, NL;
294;Football boots;Nike;Nike Mercurial Superfly;Men;Soft Ground (SG/SG-PRO);Professional;Synthetic;Shoelace;Yes;Nike Mad Ready Pack;Beige;Cristiano Ronaldo, Kylian Mbappé;NIKE Retail B.V., PO BOX 6453, Colosseum 1, 1213 0, NL;
295;Football boots;Nike;Nike Mercurial Superfly;Men;Firm Ground (FG);Professional;Synthetic;Shoelace;Yes;Nike Mad Ready Pack;Beige;Cristiano Ronaldo, Kylian Mbappé;NIKE Retail B.V., PO BOX 6453, Colosseum 1, 1213 0, NL;
296;Football boots;Nike;Nike Phantom Luna;Men, Women;Firm Ground (FG);Professional;Synthetic;Shoelace;Yes;Nike Mad Ready Pack;White;;NIKE Retail B.V., PO BOX 6453, Colosseum 1, 1213 0, NL;
297;Football boots;Nike;Nike Phantom Luna;Men, Women;Soft Ground (SG/SG-PRO);Professional;Synthetic;Shoelace;Yes;Nike Mad Ready Pack;White;;NIKE Retail B.V., PO BOX 6453, Colosseum 1, 1213 0, NL;
298;Football boots;Nike;Nike Phantom GX;Men;Soft Ground (SG/SG-PRO);Professional;Synthetic;Shoelace;No;Nike Mad Ready Pack;White;;NIKE Retail B.V., PO BOX 6453, Colosseum 1, 1213 0, NL;
299;Football boots;Nike;Nike Phantom GX;Men;Soft Ground (SG/SG-PRO);Professional;Synthetic;Shoelace;No;Nike Mad Ready Pack;White;;NIKE Retail B.V., PO BOX 6453, Colosseum 1, 1213 0, NL;
300;Football boots;Nike;Nike Tiempo;Men;Soft Ground (SG/SG-PRO);Professional;Leather;Shoelace;No;Nike Mad Ready Pack;Beige;;NIKE Retail B.V., PO BOX 6453, Colosseum 1, 1213 0, NL;
301;Football boots;Nike;Nike Tiempo;Men;Firm Ground (FG);Professional;Leather;Shoelace;No;Nike Mad Ready Pack;Beige;;NIKE Retail B.V., PO BOX 6453, Colosseum 1, 1213 0, NL;
302;Football boots;adidas;adidas Predator;Men;Firm Ground (FG);Professional;Synthetic;Lack;No;adidas Solar Energy Pack;Black;Jude Bellingham;adidas AG, Adi-Dassler-Strasse 1, 91074 Herzogenaurach, DE;
303;Football boots;adidas;adidas Predator;Men;Soft Ground (SG/SG-PRO);Professional;Synthetic;Lack;No;adidas Solar Energy Pack;Black;Jude Bellingham;adidas AG, Adi-Dassler-Strasse 1, 91074 Herzogenaurach, DE;
304;Football boots;adidas;adidas Predator;Men;Firm Ground (FG);Professional;Synthetic;Shoelace;No;adidas Solar Energy Pack;Black;Jude Bellingham;adidas AG, Adi-Dassler-Strasse 1, 91074 Herzogenaurach, DE;
305;Football boots;adidas;adidas Predator;Men;Soft Ground (SG/SG-PRO);Professional;Synthetic;Shoelace;No;adidas Solar Energy Pack;Black;Jude Bellingham;adidas AG, Adi-Dassler-Strasse 1, 91074 Herzogenaurach, DE;
306;Football boots;adidas;adidas Predator;Men;Indoor (IC/IN);Professional;Synthetic;Shoelace;No;adidas Solar Energy Pack;Black;Jude Bellingham;adidas AG, Adi-Dassler-Strasse 1, 91074 Herzogenaurach, DE;
307;Football boots;adidas;adidas X;Men;Soft Ground (SG/SG-PRO);Professional;Synthetic;Lack;No;adidas Solar Energy Pack;Yellow;;adidas AG, Adi-Dassler-Strasse 1, 91074 Herzogenaurach, DE;
308;Football boots;adidas;adidas X;Men;Firm Ground (FG);Professional;Synthetic;Shoelace;No;adidas Solar Energy Pack;Yellow;;adidas AG, Adi-Dassler-Strasse 1, 91074 Herzogenaurach, DE;
309;Football boots;adidas;adidas X;Men;Soft Ground (SG/SG-PRO);Professional;Synthetic;Lack;No;adidas Solar Energy Pack;Yellow;;adidas AG, Adi-Dassler-Strasse 1, 91074 Herzogenaurach, DE;
310;Football boots;adidas;adidas X;Men;Artificial Grass (AG/TF);Professional;Synthetic;Shoelace;No;adidas Solar Energy Pack;Yellow;;adidas AG, Adi-Dassler-Strasse 1, 91074 Herzogenaurach, DE;
311;Football boots;adidas;adidas Copa;Men;Firm Ground (FG);Professional;Leather;Shoelace;No;adidas Solar Energy Pack;Beige;Paulo Dybala;adidas AG, Adi-Dassler-Strasse 1, 91074 Herzogenaurach, DE;
312;Football boots;adidas;adidas Copa;Men;Soft Ground (SG/SG-PRO);Professional;Leather;Shoelace;No;adidas Solar Energy Pack;Beige;Paulo Dybala;adidas AG, Adi-Dassler-Strasse 1, 91074 Herzogenaurach, DE;
313;Football boots;adidas;adidas Copa;Men;Firm Ground (FG);Professional;Leather;Shoelace;No;adidas Solar Energy Pack;Beige;Paulo Dybala;adidas AG, Adi-Dassler-Strasse 1, 91074 Herzogenaurach, DE;
314;Football boots;adidas;adidas Copa;Men;Soft Ground (SG/SG-PRO);Professional;Leather;Shoelace;No;adidas Solar Energy Pack;Beige;Paulo Dybala;adidas AG, Adi-Dassler-Strasse 1, 91074 Herzogenaurach, DE;
315;Football boots;adidas;adidas Copa;Men;Firm Ground (FG);Professional;Leather;Shoelace;No;;White;;adidas AG, Adi-Dassler-Strasse 1, 91074 Herzogenaurach, DE;
316;Football boots;Nike;Nike Phantom GX;Men;Soft Ground (SG/SG-PRO);Professional;Synthetic;Shoelace;No;Nike Black 2024;Black;;NIKE Retail B.V., PO BOX 6453, Colosseum 1, 1213 0, NL;
317;Football boots;adidas;;Men;Indoor (IC/IN);Professional;Synthetic;Shoelace;No;;Gray;;adidas AG, Adi-Dassler-Strasse 1, 91074 Herzogenaurach, DE;
318;Football boots;Puma;Puma King;Men;Firm Ground (FG), Artificial Grass (AG/TF);Professional;Synthetic;Shoelace;No;Puma Rush;Pink, Gray;;Puma SE, Puma Way 1, 91074 Herzogenaurach, DE;
319;Football boots;Puma;Puma King;Men;Firm Ground (FG), Artificial Grass (AG/TF);Professional;Synthetic;Shoelace;No;Puma Limited Edition;Black;;Puma SE, Puma Way 1, 91074 Herzogenaurach, DE;
320;Football boots;Puma;Puma King;Men;Firm Ground (FG), Artificial Grass (AG/TF);Professional;Synthetic;Shoelace;No;Puma Limited Edition;Black;;Puma SE, Puma Way 1, 91074 Herzogenaurach, DE;
321;Football boots;Puma;Puma Future;Men;Soft Ground (SG/SG-PRO);Professional;Synthetic;Shoelace;Yes;Puma Eclipse 2024;Black;Neymar Jr;Puma SE, Puma Way 1, 91074 Herzogenaurach, DE;
322;Football boots;Puma;Puma Ultra;Men;Soft Ground (SG/SG-PRO);Professional;Synthetic;Shoelace;No;Puma Eclipse 2024;Black;;Puma SE, Puma Way 1, 91074 Herzogenaurach, DE;
323;Football boots;Puma;Puma Ultra;Men;Firm Ground (FG), Artificial Grass (AG/TF);Professional;Synthetic;Shoelace;No;Puma Eclipse 2024;Black;;Puma SE, Puma Way 1, 91074 Herzogenaurach, DE;
324;Football boots;Puma;Puma King;Men;Firm Ground (FG), Artificial Grass (AG/TF);Professional;Synthetic;Shoelace;No;Puma Eclipse 2024;Black;;Puma SE, Puma Way 1, 91074 Herzogenaurach, DE;
325;Football boots;Puma;Puma Future;Men;Firm Ground (FG), Artificial Grass (AG/TF);Professional;Synthetic;Shoelace;Yes;Puma Phenomenal;White;Neymar Jr;Puma SE, Puma Way 1, 91074 Herzogenaurach, DE;
326;Football boots;Puma;Puma Future;Men;Soft Ground (SG/SG-PRO);Professional;Synthetic;Shoelace;Yes;Puma Phenomenal;White;Neymar Jr;Puma SE, Puma Way 1, 91074 Herzogenaurach, DE;
327;Football boots;Puma;Puma Ultra;Men;Soft Ground (SG/SG-PRO);Professional;Synthetic;Shoelace;No;Puma Phenomenal;Pink;;Puma SE, Puma Way 1, 91074 Herzogenaurach, DE;
328;Football boots;Puma;Puma Ultra;Men;Firm Ground (FG), Artificial Grass (AG/TF);Professional;Synthetic;Shoelace;No;Puma Phenomenal;Pink;;Puma SE, Puma Way 1, 91074 Herzogenaurach, DE;
329;Football boots;Puma;Puma King;Men;Soft Ground (SG/SG-PRO);Professional;Synthetic;Shoelace;No;Puma Phenomenal;Lime;;Puma SE, Puma Way 1, 91074 Herzogenaurach, DE;
330;Football boots;Puma;Puma King;Men;Firm Ground (FG), Artificial Grass (AG/TF);Professional;Synthetic;Shoelace;No;Puma Phenomenal;Lime;;Puma SE, Puma Way 1, 91074 Herzogenaurach, DE;
331;Football boots;New Balance;New Balance Furon;Men;Firm Ground (FG);Professional;Synthetic;;No;New Balance Unity of Sport;White;;New Balance Athletics, Inc., Brighton Landing, 100 Guest Street, Boston, MA 02135-2088, US;
332;Football boots;New Balance;New Balance Tekela;Men;Firm Ground (FG);Professional;Synthetic;Shoelace;No;New Balance 2024;Navy blue;;New Balance Athletics, Inc., Brighton Landing, 100 Guest Street, Boston, MA 02135-2088, US;
333;Football boots;New Balance;New Balance Tekela;Men;Firm Ground (FG);Professional;Synthetic;Lack;Yes;New Balance 2024;Navy blue;;New Balance Athletics, Inc., Brighton Landing, 100 Guest Street, Boston, MA 02135-2088, US;
334;Football boots;New Balance;New Balance Tekela;Men;Soft Ground (SG/SG-PRO);Professional;Synthetic;Shoelace;No;New Balance 2024;Navy blue;;New Balance Athletics, Inc., Brighton Landing, 100 Guest Street, Boston, MA 02135-2088, US;
335;Football boots;New Balance;New Balance Furon;Men;Soft Ground (SG/SG-PRO);Professional;Synthetic;Shoelace;No;New Balance 2024;Blue;Raheem Sterling;New Balance Athletics, Inc., Brighton Landing, 100 Guest Street, Boston, MA 02135-2088, US;
336;Football boots;New Balance;New Balance Furon;Men;Firm Ground (FG);Professional;Synthetic;;No;;Blue;Raheem Sterling;New Balance Athletics, Inc., Brighton Landing, 100 Guest Street, Boston, MA 02135-2088, US;
337;Football boots;New Balance;New Balance 442;Men;Firm Ground (FG);Professional;Leather;Shoelace;No;New Balance 2024;Orange;;New Balance Athletics, Inc., Brighton Landing, 100 Guest Street, Boston, MA 02135-2088, US;
338;Football boots;Mizuno;Mizuno Morelia Neo;Men;Soft Ground (SG/SG-PRO);Professional;Leather;Shoelace;;;White;;Mizuno Co., Mizuno House, 612 Reading Road, Winnersh, Wokingham, Berkshire RG41 5HE, UK;
339;Football boots;Mizuno;Mizuno Morelia Neo;Men;Soft Ground (SG/SG-PRO);Professional;Leather;Shoelace;;;White;;Mizuno Co., Mizuno House, 612 Reading Road, Winnersh, Wokingham, Berkshire RG41 5HE, UK;
340;Football boots;Mizuno;Mizuno Morelia Neo;Men;Firm Ground (FG);Professional;Leather;Shoelace;No;;Black;;Mizuno Co., Mizuno House, 612 Reading Road, Winnersh, Wokingham, Berkshire RG41 5HE, UK;
341;Football boots;Mizuno;Mizuno Alpha;Men;Firm Ground (FG);Professional;Synthetic;Shoelace;No;;White, Gold;;Mizuno Co., Mizuno House, 612 Reading Road, Winnersh, Wokingham, Berkshire RG41 5HE, UK;
342;Football boots;Mizuno;Mizuno Morelia Neo;Men;Firm Ground (FG);Professional;Leather;Shoelace;No;;Lime;;Mizuno Co., Mizuno House, 612 Reading Road, Winnersh, Wokingham, Berkshire RG41 5HE, UK;
343;Football boots;Mizuno;Mizuno Morelia Neo;Men;Soft Ground (SG/SG-PRO);Professional;Leather;Shoelace;;;Lime;;Mizuno Co., Mizuno House, 612 Reading Road, Winnersh, Wokingham, Berkshire RG41 5HE, UK;
344;Football boots;Mizuno;Mizuno Morelia Neo;Men;Firm Ground (FG);Professional;Leather;Shoelace;No;;Lime;;Mizuno Co., Mizuno House, 612 Reading Road, Winnersh, Wokingham, Berkshire RG41 5HE, UK;
345;Football boots;Mizuno;Mizuno Morelia Neo;Men;Soft Ground (SG/SG-PRO);Professional;Leather;Shoelace;;;Lime;;Mizuno Co., Mizuno House, 612 Reading Road, Winnersh, Wokingham, Berkshire RG41 5HE, UK;
346;Football boots;Mizuno;Mizuno Morelia Neo;Men;Firm Ground (FG);Professional;Leather;Shoelace;No;;Lime;;Mizuno Co., Mizuno House, 612 Reading Road, Winnersh, Wokingham, Berkshire RG41 5HE, UK;
347;Football boots;Mizuno;Mizuno Morelia Neo;Men;Indoor (IC/IN);Professional;Synthetic;Shoelace;No;;Lime;;Mizuno Co., Mizuno House, 612 Reading Road, Winnersh, Wokingham, Berkshire RG41 5HE, UK;
348;Football boots;adidas;adidas Copa;Men;Firm Ground (FG);Professional;Leather;Shoelace;No;adidas Base Black;Black;Paulo Dybala;adidas AG, Adi-Dassler-Strasse 1, 91074 Herzogenaurach, DE;
349;Football boots;Nike;Nike Tiempo;Men;Soft Ground (SG/SG-PRO);Professional;Leather;Shoelace;No;Nike Peak Ready;Mint;;NIKE Retail B.V., PO BOX 6453, Colosseum 1, 1213 0, NL;
350;Football boots;Nike;Nike Tiempo;Men;Soft Ground (SG/SG-PRO);Professional;Leather;Shoelace;No;Nike Peak Ready;Mint;;NIKE Retail B.V., PO BOX 6453, Colosseum 1, 1213 0, NL;
351;Football boots;adidas;adidas Predator;Men;Soft Ground (SG/SG-PRO);Professional;Synthetic;Lack;No;adidas Marinerush;Blue;Jude Bellingham;adidas AG, Adi-Dassler-Strasse 1, 91074 Herzogenaurach, DE;
352;Football boots;adidas;adidas Predator;Men;Firm Ground (FG);Professional;Synthetic;Shoelace;No;adidas Marinerush;Blue;Jude Bellingham;adidas AG, Adi-Dassler-Strasse 1, 91074 Herzogenaurach, DE;
353;Football boots;adidas;adidas Predator;Men;Soft Ground (SG/SG-PRO);Professional;Synthetic;Shoelace;No;adidas Marinerush;Blue;Jude Bellingham;adidas AG, Adi-Dassler-Strasse 1, 91074 Herzogenaurach, DE;
354;Football boots;adidas;adidas Predator;Men;Artificial Grass (AG/TF);Professional;Synthetic;Shoelace;No;adidas Marinerush;Blue;Jude Bellingham;adidas AG, Adi-Dassler-Strasse 1, 91074 Herzogenaurach, DE;
355;Football boots;adidas;adidas Predator;Men;Soft Ground (SG/SG-PRO);Professional;Synthetic;Shoelace;No;adidas Marinerush;Blue;Jude Bellingham;adidas AG, Adi-Dassler-Strasse 1, 91074 Herzogenaurach, DE;
356;Football boots;adidas;adidas X;Men;Soft Ground (SG/SG-PRO);Professional;Synthetic;Lack;No;adidas Marinerush;Blue;;adidas AG, Adi-Dassler-Strasse 1, 91074 Herzogenaurach, DE;
357;Football boots;adidas;adidas X;Men;Soft Ground (SG/SG-PRO);Professional;Synthetic;Shoelace;No;adidas Marinerush;Blue;;adidas AG, Adi-Dassler-Strasse 1, 91074 Herzogenaurach, DE;
358;Football boots;adidas;adidas Copa;Men;Firm Ground (FG);Professional;Leather;Shoelace;No;adidas Marinerush;Blue;Paulo Dybala;adidas AG, Adi-Dassler-Strasse 1, 91074 Herzogenaurach, DE;
359;Football boots;adidas;adidas Copa;Men;Soft Ground (SG/SG-PRO);Professional;Leather;Shoelace;No;adidas Marinerush;Blue;Paulo Dybala;adidas AG, Adi-Dassler-Strasse 1, 91074 Herzogenaurach, DE;
360;Football boots;Puma;Puma Future;Men;Soft Ground (SG/SG-PRO);Professional;Synthetic;Shoelace;Yes;Puma Voltage;Yellow, Gray;;Puma SE, Puma Way 1, 91074 Herzogenaurach, DE;
361;Football boots;Puma;Puma Ultra;Men;Soft Ground (SG/SG-PRO);Professional;Synthetic;Shoelace;No;Puma Voltage;Yellow;;Puma SE, Puma Way 1, 91074 Herzogenaurach, DE;
362;Football boots;Puma;Puma Ultra;Men;Firm Ground (FG), Artificial Grass (AG/TF);Professional;Synthetic;Shoelace;No;Puma Voltage;Yellow;;Puma SE, Puma Way 1, 91074 Herzogenaurach, DE;
363;Football boots;Puma;Puma King;Men;Firm Ground (FG), Artificial Grass (AG/TF);Professional;Synthetic;Shoelace;No;Puma Voltage;White;;Puma SE, Puma Way 1, 91074 Herzogenaurach, DE;
364;Football boots;Puma;Puma Future;Men;Soft Ground (SG/SG-PRO);Professional;Synthetic;Shoelace;Yes;Puma Gear Up;Navy blue;;Puma SE, Puma Way 1, 91074 Herzogenaurach, DE;
365;Football boots;Puma;Puma Future;Men;Artificial Grass (AG/TF);Professional;Synthetic;Shoelace;Yes;Puma Gear Up;Navy blue;;Puma SE, Puma Way 1, 91074 Herzogenaurach, DE;
366;Football boots;Puma;Puma Ultra;Men;Soft Ground (SG/SG-PRO);Professional;Synthetic;Shoelace;No;Puma Gear Up;Blue;;Puma SE, Puma Way 1, 91074 Herzogenaurach, DE;
367;Football boots;Puma;Puma Ultra;Men;Firm Ground (FG), Artificial Grass (AG/TF);Professional;Synthetic;Shoelace;No;Puma Gear Up;Blue;;Puma SE, Puma Way 1, 91074 Herzogenaurach, DE;
368;Football boots;Puma;Puma Ultra;Men;Artificial Grass (AG/TF);Professional;Synthetic;Shoelace;No;Puma Gear Up;Blue;;Puma SE, Puma Way 1, 91074 Herzogenaurach, DE;
369;Football boots;Puma;Puma King;Men;Soft Ground (SG/SG-PRO);Professional;Synthetic;Shoelace;No;Puma Gear Up;Navy blue;;Puma SE, Puma Way 1, 91074 Herzogenaurach, DE;
370;Football boots;Puma;Puma King;Men;Firm Ground (FG), Artificial Grass (AG/TF);Professional;Synthetic;Shoelace;No;Puma Gear Up;Navy blue;;Puma SE, Puma Way 1, 91074 Herzogenaurach, DE;
371;Football boots;New Balance;New Balance Furon;Men;Firm Ground (FG);Professional;Synthetic;;No;New Balance Furon Canvas Series Bukayo Saka;Lime;;New Balance Athletics, Inc., Brighton Landing, 100 Guest Street, Boston, MA 02135-2088, US;
372;Football boots;Mizuno;Mizuno Morelia Neo;Men;Firm Ground (FG);Professional;Leather;Shoelace;No;;White;;Mizuno Co., Mizuno House, 612 Reading Road, Winnersh, Wokingham, Berkshire RG41 5HE, UK;
373;Football boots;Mizuno;Mizuno Morelia Neo;Men;Soft Ground (SG/SG-PRO);Professional;Leather;Shoelace;;;Black;;Mizuno Co., Mizuno House, 612 Reading Road, Winnersh, Wokingham, Berkshire RG41 5HE, UK;
374;Football boots;Mizuno;Mizuno Morelia Neo;Men;Firm Ground (FG);Professional;Leather;Shoelace;No;;Black;;Mizuno Co., Mizuno House, 612 Reading Road, Winnersh, Wokingham, Berkshire RG41 5HE, UK;
375;Football boots;Mizuno;Mizuno Morelia Neo;Men;Soft Ground (SG/SG-PRO);Professional;Leather;Shoelace;;;Red;;Mizuno Co., Mizuno House, 612 Reading Road, Winnersh, Wokingham, Berkshire RG41 5HE, UK;
376;Football boots;Mizuno;Mizuno Morelia Neo;Men;Soft Ground (SG/SG-PRO);Professional;Leather;Shoelace;;;Black;;Mizuno Co., Mizuno House, 612 Reading Road, Winnersh, Wokingham, Berkshire RG41 5HE, UK;
377;Football boots;Mizuno;Mizuno Morelia Neo;Men;Indoor (IC/IN);Professional;Synthetic;Shoelace;No;;White;;Mizuno Co., Mizuno House, 612 Reading Road, Winnersh, Wokingham, Berkshire RG41 5HE, UK;
378;Football boots;Nike;Nike Tiempo;Men;Soft Ground (SG/SG-PRO);Professional;Leather;Shoelace;No;Nike Ready Pack;White;;NIKE Retail B.V., PO BOX 6453, Colosseum 1, 1213 0, NL;
379;Football boots;Nike;Nike Tiempo;Men;Soft Ground (SG/SG-PRO);Professional;Leather;Shoelace;No;Nike Ready Pack;White;;NIKE Retail B.V., PO BOX 6453, Colosseum 1, 1213 0, NL;
380;Football boots;adidas;adidas X;Men;Firm Ground (FG);Professional;Synthetic;Shoelace;No;adidas Pearlized;White;;adidas AG, Adi-Dassler-Strasse 1, 91074 Herzogenaurach, DE;
381;Football boots;adidas;adidas X;Men;Soft Ground (SG/SG-PRO);Professional;Synthetic;Shoelace;No;adidas Nightstrike;Black;;adidas AG, Adi-Dassler-Strasse 1, 91074 Herzogenaurach, DE;
382;Football boots;adidas;adidas Predator;Men;Soft Ground (SG/SG-PRO);Professional;Synthetic;Lack;No;adidas Crazyrush;White, Green;Jude Bellingham;adidas AG, Adi-Dassler-Strasse 1, 91074 Herzogenaurach, DE;
383;Football boots;adidas;adidas Predator;Men;Artificial Grass (AG/TF);Professional;Synthetic;Lack;No;adidas Crazyrush;White, Green;Jude Bellingham;adidas AG, Adi-Dassler-Strasse 1, 91074 Herzogenaurach, DE;
384;Football boots;adidas;adidas Predator;Men;Soft Ground (SG/SG-PRO);Professional;Synthetic;Shoelace;No;adidas Crazyrush;White, Green;Jude Bellingham;adidas AG, Adi-Dassler-Strasse 1, 91074 Herzogenaurach, DE;
385;Football boots;adidas;adidas Predator;Men;Soft Ground (SG/SG-PRO);Professional;Synthetic;Shoelace;No;adidas Crazyrush;White, Green;Jude Bellingham;adidas AG, Adi-Dassler-Strasse 1, 91074 Herzogenaurach, DE;
386;Football boots;adidas;adidas X;Men;Soft Ground (SG/SG-PRO);Professional;Synthetic;Lack;No;adidas Crazyrush;White, Green;;adidas AG, Adi-Dassler-Strasse 1, 91074 Herzogenaurach, DE;
387;Football boots;adidas;adidas Copa;Men;Firm Ground (FG);Professional;Leather;Lack;No;adidas Crazyrush;White, Green;Paulo Dybala;adidas AG, Adi-Dassler-Strasse 1, 91074 Herzogenaurach, DE;
388;Football boots;adidas;adidas Copa;Men;Soft Ground (SG/SG-PRO);Professional;Leather;Lack;No;adidas Crazyrush;White, Green;Paulo Dybala;adidas AG, Adi-Dassler-Strasse 1, 91074 Herzogenaurach, DE;
389;Football boots;adidas;adidas Copa;Men;Soft Ground (SG/SG-PRO);Professional;Leather;Shoelace;No;adidas Crazyrush;White, Green;Paulo Dybala;adidas AG, Adi-Dassler-Strasse 1, 91074 Herzogenaurach, DE;
390;Football boots;adidas;adidas Copa;Men;Firm Ground (FG);Professional;Leather;Shoelace;No;adidas Crazyrush;White, Green;Paulo Dybala;adidas AG, Adi-Dassler-Strasse 1, 91074 Herzogenaurach, DE;
391;Football boots;adidas;adidas Copa;Men;Artificial Grass (AG/TF);Professional;Leather;Shoelace;No;adidas Crazyrush;White, Green;Paulo Dybala;adidas AG, Adi-Dassler-Strasse 1, 91074 Herzogenaurach, DE;
392;Football boots;Nike;Nike Mercurial Vapor;Men;Soft Ground (SG/SG-PRO);Professional;Synthetic;Shoelace;No;Nike Black;Black;;NIKE Retail B.V., PO BOX 6453, Colosseum 1, 1213 0, NL;
393;Football boots;Nike;Nike Tiempo;Men;Soft Ground (SG/SG-PRO);Professional;Leather;Shoelace;No;Nike Black;Black;;NIKE Retail B.V., PO BOX 6453, Colosseum 1, 1213 0, NL;
394;Football boots;Puma;Puma Ultra;Men;Firm Ground (FG), Artificial Grass (AG/TF);Professional;Synthetic;Shoelace;No;Puma Energy;Multicolor;;Puma SE, Puma Way 1, 91074 Herzogenaurach, DE;
395;Football boots;Puma;Puma King;Men;Firm Ground (FG), Artificial Grass (AG/TF);Professional;Synthetic;Shoelace;No;Puma Energy;Blue;;Puma SE, Puma Way 1, 91074 Herzogenaurach, DE;
396;Football boots;Puma;Puma Future;Men;Soft Ground (SG/SG-PRO);Professional;Synthetic;Shoelace;Yes;Puma Eclipse;Black;;Puma SE, Puma Way 1, 91074 Herzogenaurach, DE;
397;Football boots;Puma;Puma Ultra;Men;Firm Ground (FG), Artificial Grass (AG/TF);Professional;Synthetic;Shoelace;No;Puma Eclipse;Black;;Puma SE, Puma Way 1, 91074 Herzogenaurach, DE;
398;Football boots;Puma;Puma Future;Men;Soft Ground (SG/SG-PRO);Professional;Synthetic;Shoelace;Yes;Puma Breakthrough;White;;Puma SE, Puma Way 1, 91074 Herzogenaurach, DE;
399;Football boots;Puma;Puma Future;Men;Soft Ground (SG/SG-PRO);Professional;Synthetic;Shoelace;No;Puma Breakthrough;White;;Puma SE, Puma Way 1, 91074 Herzogenaurach, DE;
400;Football boots;Puma;Puma Ultra;Men;Soft Ground (SG/SG-PRO);Professional;Synthetic;Shoelace;No;Puma Breakthrough;White;;Puma SE, Puma Way 1, 91074 Herzogenaurach, DE;
401;Football boots;Puma;Puma Ultra;Men;Firm Ground (FG), Artificial Grass (AG/TF);Professional;Synthetic;Shoelace;No;Puma Breakthrough;White;;Puma SE, Puma Way 1, 91074 Herzogenaurach, DE;
402;Football boots;Puma;Puma Ultra;Men;Artificial Grass (AG/TF);Professional;Synthetic;Shoelace;No;Puma Breakthrough;White;;Puma SE, Puma Way 1, 91074 Herzogenaurach, DE;
403;Football boots;Puma;Puma Ultra;Men;Indoor (IC/IN);Professional;Synthetic;Shoelace;No;Puma Breakthrough;White;;Puma SE, Puma Way 1, 91074 Herzogenaurach, DE;
404;Football boots;Puma;Puma King;Men;Firm Ground (FG), Artificial Grass (AG/TF);Professional;Synthetic;Shoelace;No;Puma Breakthrough;sky blue;;Puma SE, Puma Way 1, 91074 Herzogenaurach, DE;
405;Football boots;New Balance;New Balance Furon;Men;Firm Ground (FG);Professional;Synthetic;;No;New Balance Beyond Orbit;Black;Raheem Sterling;New Balance Athletics, Inc., Brighton Landing, 100 Guest Street, Boston, MA 02135-2088, US;
406;Football boots;New Balance;New Balance Furon;Men;Soft Ground (SG/SG-PRO);Professional;Synthetic;Shoelace;No;New Balance Beyond Orbit;Black;Raheem Sterling;New Balance Athletics, Inc., Brighton Landing, 100 Guest Street, Boston, MA 02135-2088, US;
407;Football boots;New Balance;New Balance Tekela;Men;Firm Ground (FG);Professional;Synthetic;Lack;Yes;New Balance Own Now;Gold;;New Balance Athletics, Inc., Brighton Landing, 100 Guest Street, Boston, MA 02135-2088, US;
408;Football boots;New Balance;New Balance Tekela;Men;Soft Ground (SG/SG-PRO);Professional;Synthetic;Shoelace;No;New Balance Own Now;Gold;;New Balance Athletics, Inc., Brighton Landing, 100 Guest Street, Boston, MA 02135-2088, US;
409;Football boots;New Balance;New Balance Tekela;Men;Soft Ground (SG/SG-PRO);Professional;Synthetic;Lack;Yes;New Balance Own Now;Gold;;New Balance Athletics, Inc., Brighton Landing, 100 Guest Street, Boston, MA 02135-2088, US;
410;Football boots;New Balance;New Balance Furon;Men;Firm Ground (FG);Professional;Synthetic;;No;New Balance Own Now;Silver;Raheem Sterling;New Balance Athletics, Inc., Brighton Landing, 100 Guest Street, Boston, MA 02135-2088, US;
411;Football boots;New Balance;New Balance Furon;Men;Soft Ground (SG/SG-PRO);Professional;Synthetic;Shoelace;No;New Balance Own Now;Silver;Raheem Sterling;New Balance Athletics, Inc., Brighton Landing, 100 Guest Street, Boston, MA 02135-2088, US;
412;Football boots;New Balance;New Balance 442;Men;Firm Ground (FG);Professional;Leather;Shoelace;No;New Balance Own Now;Silver;;New Balance Athletics, Inc., Brighton Landing, 100 Guest Street, Boston, MA 02135-2088, US;
413;Football boots;Mizuno;Mizuno Alpha;Men;Firm Ground (FG);Professional;Synthetic;Shoelace;No;;Red;;Mizuno Co., Mizuno House, 612 Reading Road, Winnersh, Wokingham, Berkshire RG41 5HE, UK;
414;Football boots;adidas;adidas Predator;Men;Soft Ground (SG/SG-PRO);Professional;Synthetic;Shoelace;No;adidas Heatspawn;Orange;Jude Bellingham;adidas AG, Adi-Dassler-Strasse 1, 91074 Herzogenaurach, DE;
415;Football boots;adidas;adidas Predator;Men;Soft Ground (SG/SG-PRO);Professional;Synthetic;Shoelace;No;adidas Heatspawn;Orange;Jude Bellingham;adidas AG, Adi-Dassler-Strasse 1, 91074 Herzogenaurach, DE;
416;Football boots;adidas;adidas Copa;Men;Soft Ground (SG/SG-PRO);Professional;Leather;Shoelace;No;adidas Heatspawn;White, Orange;Paulo Dybala;adidas AG, Adi-Dassler-Strasse 1, 91074 Herzogenaurach, DE;
417;Football boots;Puma;Puma King;Men;Soft Ground (SG/SG-PRO);Professional;Synthetic;Shoelace;No;Puma King Black;Black;;Puma SE, Puma Way 1, 91074 Herzogenaurach, DE;
418;Football boots;Puma;Puma King;Men;Firm Ground (FG), Artificial Grass (AG/TF);Professional;Synthetic;Shoelace;No;Puma King Black;Black;;Puma SE, Puma Way 1, 91074 Herzogenaurach, DE;
419;Football boots;Puma;Puma Future;Men;Soft Ground (SG/SG-PRO);Professional;Synthetic;Shoelace;No;Puma Pursuit;Yellow;;Puma SE, Puma Way 1, 91074 Herzogenaurach, DE;
420;Football boots;Puma;Puma Future;Men;Soft Ground (SG/SG-PRO);Professional;Synthetic;Shoelace;Yes;Puma Pursuit;Yellow;;Puma SE, Puma Way 1, 91074 Herzogenaurach, DE;
421;Football boots;Puma;Puma Ultra;Men;Soft Ground (SG/SG-PRO);Professional;Synthetic;Shoelace;No;Puma Pursuit;Mint;;Puma SE, Puma Way 1, 91074 Herzogenaurach, DE;
422;Football boots;Puma;Puma King;Men;Firm Ground (FG), Artificial Grass (AG/TF);Professional;Synthetic;Shoelace;No;Puma Pursuit;White;;Puma SE, Puma Way 1, 91074 Herzogenaurach, DE;
423;Football boots;adidas;adidas Predator;Men;Soft Ground (SG/SG-PRO);Professional;Synthetic;Shoelace;No;adidas Own Your Football;Black, Pink;Jude Bellingham;adidas AG, Adi-Dassler-Strasse 1, 91074 Herzogenaurach, DE;
424;Football boots;adidas;adidas Predator;Men;Soft Ground (SG/SG-PRO);Professional;Synthetic;Shoelace;No;adidas Own Your Football;Black, Pink;Jude Bellingham;adidas AG, Adi-Dassler-Strasse 1, 91074 Herzogenaurach, DE;
425;Football boots;adidas;adidas Copa;Men;Soft Ground (SG/SG-PRO);Professional;Leather;Shoelace;No;adidas Own Your Football;Black;Paulo Dybala;adidas AG, Adi-Dassler-Strasse 1, 91074 Herzogenaurach, DE;
426;Football boots;adidas;adidas Predator;Men;Firm Ground (FG);Professional;Synthetic;Shoelace;No;adidas Pearlized;White;Jude Bellingham;adidas AG, Adi-Dassler-Strasse 1, 91074 Herzogenaurach, DE;
427;Football boots;Nike;Nike Phantom GX;Men;Soft Ground (SG/SG-PRO);Professional;Synthetic;Shoelace;Yes;Nike Blast;White, sky blue;;NIKE Retail B.V., PO BOX 6453, Colosseum 1, 1213 0, NL;
428;Football boots;adidas;adidas Predator;Men;Soft Ground (SG/SG-PRO);Professional;Synthetic;Shoelace;No;adidas Nightstrike;Black;Jude Bellingham;adidas AG, Adi-Dassler-Strasse 1, 91074 Herzogenaurach, DE;
429;Football boots;adidas;adidas Copa;Men;Firm Ground (FG);Professional;Leather;Shoelace;No;;Black;;adidas AG, Adi-Dassler-Strasse 1, 91074 Herzogenaurach, DE;
430;Football boots;Puma;Puma King;Men;Firm Ground (FG), Artificial Grass (AG/TF);Professional;Synthetic;Shoelace;No;Puma Eclipse;Black;;Puma SE, Puma Way 1, 91074 Herzogenaurach, DE;
431;Football boots;Puma;Puma King;Men;Soft Ground (SG/SG-PRO);Professional;Synthetic;Shoelace;No;Puma King Supercharge;White;;Puma SE, Puma Way 1, 91074 Herzogenaurach, DE;
432;Football boots;Puma;Puma King;Men;Firm Ground (FG), Artificial Grass (AG/TF);Professional;Synthetic;Shoelace;No;Puma King Supercharge;White;;Puma SE, Puma Way 1, 91074 Herzogenaurach, DE;
433;Football boots;Puma;Puma Future;Men;Soft Ground (SG/SG-PRO);Professional;Synthetic;Shoelace;No;Puma Supercharge;Blue;;Puma SE, Puma Way 1, 91074 Herzogenaurach, DE;
434;Football boots;Puma;Puma Ultra;Men;Soft Ground (SG/SG-PRO);Professional;Synthetic;Shoelace;No;Puma Supercharge;Orange;;Puma SE, Puma Way 1, 91074 Herzogenaurach, DE;
435;Football boots;Puma;Puma Ultra;Men;Indoor (IC/IN);Professional;Synthetic;Shoelace;No;Puma Supercharge;Orange;;Puma SE, Puma Way 1, 91074 Herzogenaurach, DE;
436;Football boots;New Balance;New Balance Tekela;Men;Firm Ground (FG);Professional;Synthetic;Lack;Yes;New Balance Dizzy Heights;Orange;;New Balance Athletics, Inc., Brighton Landing, 100 Guest Street, Boston, MA 02135-2088, US;
437;Football boots;New Balance;New Balance Tekela;Men;Soft Ground (SG/SG-PRO);Professional;Synthetic;Lack;Yes;New Balance Dizzy Heights;Orange;;New Balance Athletics, Inc., Brighton Landing, 100 Guest Street, Boston, MA 02135-2088, US;
438;Football boots;New Balance;New Balance Furon;Men;Firm Ground (FG);Professional;Synthetic;;No;New Balance Dizzy Heights;Orange;Raheem Sterling;New Balance Athletics, Inc., Brighton Landing, 100 Guest Street, Boston, MA 02135-2088, US;
439;Football boots;New Balance;New Balance Furon;Men;Soft Ground (SG/SG-PRO);Professional;Synthetic;Shoelace;No;New Balance Dizzy Heights;Orange;Raheem Sterling;New Balance Athletics, Inc., Brighton Landing, 100 Guest Street, Boston, MA 02135-2088, US;
440;Football boots;adidas;adidas Copa;Men;Soft Ground (SG/SG-PRO);Professional;Leather;Shoelace;No;;Black;Paulo Dybala;adidas AG, Adi-Dassler-Strasse 1, 91074 Herzogenaurach, DE;
441;Football boots;Mizuno;Mizuno Morelia Neo;Men;Indoor (IC/IN);Professional;Synthetic;Shoelace;No;;sky blue;;Mizuno Co., Mizuno House, 612 Reading Road, Winnersh, Wokingham, Berkshire RG41 5HE, UK;
442;Football boots;adidas;adidas Copa;Men;Soft Ground (SG/SG-PRO);Professional;Leather;Shoelace;No;adidas Game Data Pack;Yellow;;adidas AG, Adi-Dassler-Strasse 1, 91074 Herzogenaurach, DE;
443;Football boots;New Balance;New Balance 442;Men;Firm Ground (FG);Professional;Leather;Shoelace;No;;Black;;New Balance Athletics, Inc., Brighton Landing, 100 Guest Street, Boston, MA 02135-2088, US;
444;Football boots;Nike;Nike Phantom GT;Men;Firm Ground (FG);Professional;Synthetic;Shoelace;Yes;Nike Blueprint;Orange;;NIKE Retail B.V., PO BOX 6453, Colosseum 1, 1213 0, NL;
445;Football boots;adidas;adidas Classic;Men;Firm Ground (FG);Professional;Leather;Shoelace;No;adidas Classic;Black;;adidas AG, Adi-Dassler-Strasse 1, 91074 Herzogenaurach, DE;
446;Football boots;adidas;adidas Classic;Men;Indoor (IC/IN);Professional;Leather;Shoelace;No;adidas Classic;White;;adidas AG, Adi-Dassler-Strasse 1, 91074 Herzogenaurach, DE;
447;Football boots;adidas;adidas Classic;Men;Soft Ground (SG/SG-PRO);Professional;Leather;Shoelace;No;adidas Classic;Black;;adidas AG, Adi-Dassler-Strasse 1, 91074 Herzogenaurach, DE;
448;Football boots;adidas;adidas Classic;Men;Artificial Grass (AG/TF);Professional;Leather;Shoelace;No;adidas Classic;White;;adidas AG, Adi-Dassler-Strasse 1, 91074 Herzogenaurach, DE;
449;Football boots;adidas;adidas Classic;Men;Indoor (IC/IN);Professional;Leather;Shoelace;No;adidas Classic;Black;;adidas AG, Adi-Dassler-Strasse 1, 91074 Herzogenaurach, DE;
450;Football boots;Puma;Puma King;Men;Firm Ground (FG), Artificial Grass (AG/TF);Professional;Leather;Shoelace;No;;Black;;Puma SE, Puma Way 1, 91074 Herzogenaurach, DE;
451;Football boots;Puma;Puma King;Men;Soft Ground (SG/SG-PRO);Professional;Leather;Shoelace;No;;Black;;Puma SE, Puma Way 1, 91074 Herzogenaurach, DE;
